fdc_id,food_name,food_category,calories_kcal,protein_g,fat_g,carbohydrate_g,fiber_g,sugar_g,sodium_mg,potassium_mg,calcium_mg,iron_mg
321358,"Hummus, commercial",Legumes and Legume Products,243.0,7.35,17.1,14.9,5.4,0.34,438.0,289.0,41.0,2.41
321359,"Milk, reduced fat, fluid, 2% milkfat, with added vitamin A and vitamin D",Dairy and Egg Products,,3.35,1.9,4.91,,4.89,39.0,159.0,126.0,0.0
321360,"Tomatoes, grape, raw",Vegetables and Vegetable Products,31.0,0.83,0.63,5.51,2.1,,6.0,260.0,11.0,0.33
321505,"Salt, table, iodized",Spices and Herbs,,,,,,,38700.0,2.0,50.0,0.0
321611,"Beans, snap, green, canned, regular pack, drained solids",Vegetables and Vegetable Products,24.0,1.04,0.39,4.11,,1.29,282.0,97.0,36.0,0.78
321900,"Broccoli, raw",Vegetables and Vegetable Products,,2.57,0.34,6.29,2.4,1.4,36.0,303.0,46.0,0.69
322228,"Milk, lowfat, fluid, 1% milkfat, with added vitamin A and vitamin D",Dairy and Egg Products,,3.38,0.95,5.19,,4.96,39.0,159.0,126.0,0.0
322559,"Milk, nonfat, fluid, with added vitamin A and vitamin D (fat free or skim)",Dairy and Egg Products,,3.43,0.08,4.89,,5.05,41.0,167.0,132.0,0.0
322892,"Milk, whole, 3.25% milkfat, with added vitamin D",Dairy and Egg Products,,3.28,3.2,4.67,,4.81,38.0,150.0,123.0,0.0
323121,"Frankfurter, beef, unheated",Sausages and Luncheon Meats,310.0,11.7,28.0,2.89,,1.26,872.0,343.0,15.0,1.14
323294,"Nuts, almonds, dry roasted, with salt added",Nut and Seed Products,667.0,20.4,57.8,16.2,11.0,4.17,256.0,684.0,273.0,3.17
323444,"Cheese, ricotta, whole milk",Dairy and Egg Products,,7.81,11.0,6.86,,,105.0,230.0,224.0,0.1
323505,"Kale, raw",Vegetables and Vegetable Products,43.0,2.92,1.49,4.42,4.1,0.8,53.0,348.0,254.0,1.6
323604,"Egg, whole, raw, frozen, pasteurized",Dairy and Egg Products,146.0,12.3,10.3,0.91,,,121.0,117.0,55.0,1.77
323697,"Egg, white, raw, frozen, pasteurized",Dairy and Egg Products,45.0,10.1,0.16,0.74,,,144.0,130.0,9.0,0.18
323793,"Egg, white, dried",Dairy and Egg Products,350.0,79.9,0.65,6.02,,,1250.0,959.0,104.0,0.0
324038,"Sauce, salsa, ready-to-serve","Soups, Sauces, and Gravies",,1.44,0.19,6.74,1.8,3.81,656.0,258.0,28.0,0.42
324157,"Sausage, breakfast sausage, beef, pre-cooked, unprepared",Sausages and Luncheon Meats,325.0,13.3,28.7,3.37,,1.0,866.0,263.0,35.0,1.55
324317,"Onion rings, breaded, par fried, frozen, prepared, heated in oven",Vegetables and Vegetable Products,293.0,4.52,14.4,36.3,2.4,4.5,374.0,135.0,28.0,1.14
324653,"Pickles, cucumber, dill or kosher dill",Vegetables and Vegetable Products,14.0,0.48,0.43,1.99,1.0,1.28,808.0,112.0,54.0,0.23
324860,"Peanut butter, smooth style, with salt",Legumes and Legume Products,639.0,22.5,51.1,22.3,4.8,10.5,429.0,564.0,49.0,1.73
325036,"Cheese, parmesan, grated",Dairy and Egg Products,420.0,29.6,28.0,12.4,,0.07,1750.0,184.0,884.0,0.45
325198,"Cheese, pasteurized process, American, vitamin D fortified",Dairy and Egg Products,368.0,18.0,30.6,5.27,,2.63,1660.0,149.0,866.0,0.48
325287,"Grapefruit juice, white, canned or bottled, unsweetened",Fruits and Fruit Juices,39.0,0.55,0.7,7.59,0.2,7.72,1.0,141.0,16.0,0.07
325430,"Peaches, yellow, raw",Fruits and Fruit Juices,46.0,0.91,0.27,10.1,1.5,8.39,13.0,122.0,4.0,0.34
325524,"Seeds, sunflower seed kernels, dry roasted, with salt added",Nut and Seed Products,657.0,21.0,56.1,17.1,10.3,3.14,532.0,689.0,78.0,5.21
325658,"Sausage, Italian, pork, mild, cooked, pan-fried",Sausages and Luncheon Meats,,18.2,26.2,2.15,,1.46,766.0,310.0,12.0,1.29
325871,"Bread, white, commercially prepared",Baked Products,267.0,9.43,3.59,49.2,2.3,5.34,477.0,117.0,211.0,3.36
325992,"Sausage, turkey, breakfast links, mild, raw",Sausages and Luncheon Meats,,16.7,10.4,0.93,,,599.0,310.0,32.0,1.17
326135,"Cheese, swiss",Dairy and Egg Products,,27.0,31.0,1.44,,0.0,185.0,71.0,890.0,0.13
326196,"Kale, frozen, cooked, boiled, drained, without salt",Vegetables and Vegetable Products,44.0,2.94,1.21,5.3,,1.12,16.0,144.0,150.0,0.84
326458,"Carrots, frozen, unprepared (Includes foods for USDA's Food Distribution Program)",Vegetables and Vegetable Products,,0.81,0.47,7.92,3.2,4.2,66.0,210.0,33.0,0.43
326698,"Mustard, prepared, yellow",Spices and Herbs,69.0,4.25,3.38,5.3,4.3,1.42,1100.0,150.0,63.0,1.59
326905,"Figs, dried, uncooked",Fruits and Fruit Juices,,3.3,0.92,63.9,9.8,47.9,10.0,680.0,162.0,2.03
327046,"Kiwifruit, green, raw",Fruits and Fruit Juices,64.0,1.06,0.44,14.0,3.0,8.99,5.0,198.0,35.0,0.24
327198,"Melons, cantaloupe, raw",Fruits and Fruit Juices,,0.82,0.18,8.16,0.8,7.88,30.0,157.0,9.0,0.38
327357,"Nectarines, raw",Fruits and Fruit Juices,43.0,1.06,0.28,9.18,1.5,7.89,13.0,131.0,2.0,0.3
327501,"Oranges, raw, navels (Includes foods for USDA's Food Distribution Program)",Fruits and Fruit Juices,,0.91,0.15,11.8,2.0,8.57,9.0,166.0,43.0,0.33
327699,"Strawberries, raw",Fruits and Fruit Juices,,0.64,0.22,7.63,1.8,5.34,10.0,89.0,12.0,0.28
327923,"Lettuce, cos or romaine, raw",Vegetables and Vegetable Products,,1.24,0.26,3.24,1.8,1.19,,253.0,35.0,0.95
328637,"Cheese, cheddar",Dairy and Egg Products,409.0,23.3,34.0,2.44,,0.33,654.0,77.0,707.0,0.16
328841,"Cheese, cottage, lowfat, 2% milkfat",Dairy and Egg Products,82.0,11.0,2.3,4.31,,4.1,321.0,120.0,103.0,0.13
329370,"Cheese, mozzarella, low moisture, part-skim",Dairy and Egg Products,296.0,23.7,20.4,4.44,,1.81,699.0,116.0,693.0,0.2
329490,"Egg, whole, dried",Dairy and Egg Products,558.0,48.1,39.8,1.87,,,485.0,468.0,220.0,6.97
329596,"Egg, yolk, raw, frozen, pasteurized",Dairy and Egg Products,291.0,15.6,25.1,0.59,,,66.0,102.0,119.0,4.13
329716,"Egg, yolk, dried",Dairy and Egg Products,641.0,34.2,55.5,1.07,,,149.0,231.0,270.0,9.28
329830,"Cheese, dry white, queso seco",Dairy and Egg Products,,24.5,24.3,2.07,,0.43,1810.0,116.0,661.0,0.18
330137,"Yogurt, Greek, plain, nonfat",Dairy and Egg Products,59.0,10.3,0.37,3.64,,3.27,36.0,141.0,111.0,0.07
330415,"Yogurt, Greek, strawberry, nonfat",Dairy and Egg Products,82.0,8.06,0.15,12.2,0.6,11.5,32.0,133.0,97.0,0.09
330458,"Oil, coconut",Fats and Oils,895.0,0.0,99.1,0.84,,,0.0,0.0,1.0,0.05
330869,"Turkey, ground, 93% lean, 7% fat, pan-broiled crumbles",Poultry Products,,27.1,11.6,0.0,,,90.0,304.0,31.0,1.56
331897,"Chicken, broilers or fryers, drumstick, meat only, cooked, braised",Poultry Products,149.0,23.9,5.95,0.0,,,117.0,239.0,12.0,0.94
331960,"Chicken, broiler or fryers, breast, skinless, boneless, meat only, cooked, braised",Poultry Products,158.0,32.1,3.24,0.0,,,47.0,343.0,6.0,0.49
332282,"Sauce, pasta, spaghetti/marinara, ready-to-serve","Soups, Sauces, and Gravies",51.0,1.41,1.48,8.05,1.8,5.5,419.0,319.0,27.0,0.78
332397,"Ham, sliced, pre-packaged, deli meat (96%fat free, water added)",Sausages and Luncheon Meats,101.0,16.7,3.73,0.27,,,1040.0,425.0,5.0,0.58
332597,"Pears, raw, bartlett (Includes foods for USDA's Food Distribution Program)",Fruits and Fruit Juices,,0.38,0.16,15.1,3.1,9.69,7.0,87.0,8.0,0.17
332791,"Olives, green, Manzanilla, stuffed with pimiento",Fruits and Fruit Juices,141.0,1.15,12.9,4.96,4.0,0.0,1620.0,43.0,121.0,0.31
332864,"Sausage, pork, chorizo, link or ground, cooked, pan-fried",Sausages and Luncheon Meats,,19.3,28.1,2.63,,,983.0,435.0,37.0,2.34
333008,"Cookies, oatmeal, soft, with raisins",Baked Products,430.0,5.79,14.3,69.6,3.3,34.8,314.0,245.0,29.0,2.28
333281,"Tomatoes, canned, red, ripe, diced",Vegetables and Vegetable Products,21.0,0.84,0.5,3.32,,2.99,125.0,198.0,30.0,0.57
333374,"Fish, haddock, raw",Finfish and Shellfish Products,69.0,16.3,0.45,0.0,,,213.0,286.0,11.0,0.17
333476,"Fish, pollock, raw",Finfish and Shellfish Products,53.0,12.3,0.41,0.0,,,333.0,160.0,15.0,0.22
334194,"Fish, tuna, light, canned in water, drained solids",Finfish and Shellfish Products,85.0,19.0,0.94,0.08,,0.0,219.0,176.0,18.0,1.67
334247,"Sugars, granulated",Sweets,,0.0,0.32,99.6,,99.8,1.0,2.0,1.0,0.05
334462,"Restaurant, Chinese, sweet and sour pork",Restaurant Foods,,8.88,13.6,25.5,1.0,10.3,304.0,152.0,46.0,3.07
334536,"Restaurant, Chinese, fried rice, without meat",Restaurant Foods,174.0,3.84,3.19,32.5,,0.62,361.0,69.0,11.0,0.46
334628,"Restaurant, Latino, tamale, pork",Restaurant Foods,174.0,7.38,9.04,15.8,2.4,0.46,473.0,152.0,75.0,0.87
334720,"Restaurant, Latino, pupusas con frijoles (pupusas, bean)",Restaurant Foods,229.0,5.59,9.01,31.5,5.8,1.3,305.0,305.0,51.0,1.46
334849,"Beef, loin, top loin steak, boneless, lip-on, separable lean only, trimmed to 1/8"" fat, choice, raw",Beef Products,,22.8,6.39,0.0,,,45.0,282.0,15.0,1.9
334897,"Beef, loin, tenderloin roast, separable lean only, boneless, trimmed to 0"" fat, select, cooked, roasted",Beef Products,,27.7,6.36,0.0,,,54.0,352.0,13.0,3.04
334898,"Beef, round, eye of round roast, boneless, separable lean only, trimmed to 0"" fat, select, raw",Beef Products,,23.4,2.48,0.0,,,50.0,312.0,13.0,1.37
334963,"Beef, round, top round roast, boneless, separable lean only, trimmed to 0"" fat, select, raw",Beef Products,,23.7,2.41,0.0,,,55.0,316.0,13.0,2.34
335061,"Beef, short loin, t-bone steak, bone-in, separable lean only, trimmed to 1/8"" fat, choice, cooked, grilled",Beef Products,,27.3,11.4,0.0,,,67.0,283.0,19.0,3.53
335109,"Beef, short loin, porterhouse steak, separable lean only, trimmed to 1/8"" fat, select, raw",Beef Products,,22.7,5.32,0.0,,,43.0,266.0,19.0,2.26
335240,"Bread, whole-wheat, commercially prepared",Baked Products,254.0,12.3,3.55,43.1,6.0,4.41,450.0,250.0,163.0,2.56
335245,"Beans, Dry, Dark Red Kidney (0% moisture)",Legumes and Legume Products,,25.9,1.31,,4.3,,,1490.0,98.0,6.58
335306,"Beans, Dry, Pink (0% moisture)",Legumes and Legume Products,,23.4,1.2,,4.1,,,1490.0,137.0,5.46
335419,"Beans, Dry, Navy (0% moisture)",Legumes and Legume Products,,24.1,1.51,,4.3,,,1470.0,229.0,5.29
335422,"Beans, Dry, Light Red Kidney (0% moisture)",Legumes and Legume Products,,25.0,1.03,,4.5,,,1540.0,103.0,6.95
335425,"Beans, Dry, Brown (0% moisture)",Legumes and Legume Products,,25.6,1.12,,4.1,,,1580.0,158.0,4.7
335428,"Beans, Dry, Flor de Mayo (0% moisture)",Legumes and Legume Products,,23.3,0.86,,4.0,,,1490.0,180.0,4.47
335433,"Beans, Dry, Carioca (0% moisture)",Legumes and Legume Products,,25.2,1.44,,4.5,,,1390.0,194.0,5.87
335442,"Beans, Dry, Tan (0% moisture)",Legumes and Legume Products,,26.8,1.14,,4.4,,,1620.0,178.0,5.85
335695,"Beans, Dry, Pinto (0% moisture)",Legumes and Legume Products,,23.7,1.24,,4.1,,,1510.0,161.0,5.4
335774,"Beans, Dry, Small Red (0% moisture)",Legumes and Legume Products,,23.5,1.28,,4.1,,,1520.0,149.0,4.95
335777,"Beans, Dry, Medium Red (0% moisture)",Legumes and Legume Products,,25.5,1.04,,4.3,,,1490.0,193.0,6.27
335782,"Beans, Dry, Cranberry (0% moisture)",Legumes and Legume Products,,24.4,1.23,,4.3,,,1340.0,152.0,5.26
335785,"Beans, Dry, Light Tan (0% moisture)",Legumes and Legume Products,,24.6,1.28,,4.3,,,1230.0,98.0,7.29
335912,"Beans, Dry, Black (0% moisture)",Legumes and Legume Products,,24.4,1.45,,4.2,,,1540.0,191.0,5.34
335927,"Beans, Dry, Small White (0% moisture)",Legumes and Legume Products,,24.5,1.32,,4.3,,,1540.0,236.0,4.93
335930,"Beans, Dry, Red (0% moisture)",Legumes and Legume Products,,21.3,1.16,,4.0,,,1540.0,148.0,5.05
336067,"Beans, Dry, Great Northern (0% moisture)",Legumes and Legume Products,,24.7,1.24,,4.3,,,1520.0,192.0,5.48
746758,"Beef, loin, tenderloin roast, separable lean only, boneless, trimmed to 0"" fat, select, cooked, roasted",Beef Products,168.0,27.7,6.36,0.0,,,54.0,352.0,13.0,3.04
746759,"Beef, loin, top loin steak, boneless, lip-on, separable lean only, trimmed to 1/8"" fat, choice, raw",Beef Products,149.0,22.8,6.39,0.0,,,45.0,282.0,15.0,1.9
746760,"Beef, round, eye of round roast, boneless, separable lean only, trimmed to 0"" fat, select, raw",Beef Products,116.0,23.4,2.48,0.0,,,50.0,312.0,13.0,1.37
746761,"Beef, round, top round roast, boneless, separable lean only, trimmed to 0"" fat, select, raw",Beef Products,116.0,23.7,2.41,0.0,,,55.0,316.0,13.0,2.34
746762,"Beef, short loin, porterhouse steak, separable lean only, trimmed to 1/8"" fat, select, raw",Beef Products,139.0,22.7,5.32,0.0,,,43.0,266.0,19.0,2.26
746763,"Beef, short loin, t-bone steak, bone-in, separable lean only, trimmed to 1/8"" fat, choice, cooked, grilled",Beef Products,212.0,27.3,11.4,0.0,,,67.0,283.0,19.0,3.53
746764,"Carrots, frozen, unprepared",Vegetables and Vegetable Products,39.0,0.81,0.47,7.92,3.2,4.2,66.0,210.0,33.0,0.43
746765,"Cheese, dry white, queso seco",Dairy and Egg Products,325.0,24.5,24.3,2.07,,0.43,1810.0,116.0,661.0,0.18
746766,"Cheese, ricotta, whole milk",Dairy and Egg Products,158.0,7.81,11.0,6.86,,,105.0,230.0,224.0,0.1
746767,"Cheese, swiss",Dairy and Egg Products,393.0,27.0,31.0,1.44,,0.0,185.0,71.0,890.0,0.13
746768,"Figs, dried, uncooked",Fruits and Fruit Juices,277.0,3.3,0.92,63.9,9.8,47.9,10.0,680.0,162.0,2.03
746769,"Lettuce, cos or romaine, raw",Vegetables and Vegetable Products,20.0,1.24,0.26,3.24,1.8,1.19,,253.0,35.0,0.95
746770,"Melons, cantaloupe, raw",Fruits and Fruit Juices,38.0,0.82,0.18,8.16,0.8,7.88,30.0,157.0,9.0,0.38
746771,"Oranges, raw, navels",Fruits and Fruit Juices,52.0,0.91,0.15,11.8,2.0,8.57,9.0,166.0,43.0,0.33
746772,"Milk, lowfat, fluid, 1% milkfat, with added vitamin A and vitamin D",Dairy and Egg Products,43.0,3.38,0.95,5.18,,4.96,39.0,159.0,126.0,0.0
746773,"Pears, raw, bartlett",Fruits and Fruit Juices,63.0,0.38,0.16,15.1,3.1,9.69,7.0,87.0,8.0,0.17
746774,"Restaurant, Chinese, sweet and sour pork",Restaurant Foods,260.0,8.88,13.6,25.5,1.0,10.3,304.0,152.0,46.0,3.07
746775,"Salt, table, iodized",Spices and Herbs,0.0,,,,,,38700.0,2.0,50.0,0.0
746776,"Milk, nonfat, fluid, with added vitamin A and vitamin D (fat free or skim)",Dairy and Egg Products,34.0,3.43,0.08,4.92,,5.05,41.0,167.0,132.0,0.0
746777,"Sauce, salsa, ready-to-serve","Soups, Sauces, and Gravies",34.0,1.44,0.19,6.74,1.8,3.81,656.0,258.0,28.0,0.42
746778,"Milk, reduced fat, fluid, 2% milkfat, with added vitamin A and vitamin D",Dairy and Egg Products,50.0,3.36,1.9,4.9,,4.89,39.0,159.0,126.0,0.0
746779,"Sausage, breakfast sausage, beef, pre-cooked, unprepared",Sausages and Luncheon Meats,341.0,13.3,28.7,3.37,,1.0,866.0,263.0,35.0,1.55
746780,"Sausage, Italian, pork, mild, cooked, pan-fried",Sausages and Luncheon Meats,317.0,18.2,26.2,2.15,,1.46,766.0,310.0,12.0,1.29
746781,"Sausage, pork, chorizo, link or ground, cooked, pan-fried",Sausages and Luncheon Meats,,19.3,28.1,2.63,,,983.0,435.0,37.0,2.34
746782,"Milk, whole, 3.25% milkfat, with added vitamin D",Dairy and Egg Products,61.0,3.27,3.2,4.63,,4.81,38.0,150.0,123.0,0.0
746783,"Sausage, turkey, breakfast links, mild, raw",Sausages and Luncheon Meats,164.0,16.7,10.4,0.93,,,599.0,310.0,32.0,1.17
746784,"Sugars, granulated",Sweets,401.0,0.0,0.32,99.6,,99.8,1.0,2.0,1.0,0.05
746785,"Turkey, ground, 93% lean, 7% fat, pan-broiled crumbles",Poultry Products,213.0,27.1,11.6,0.0,,,90.0,304.0,31.0,1.56
746952,"Ham, sliced, restaurant",Pork Products,121.0,19.6,3.68,2.36,,2.2,1030.0,484.0,6.0,0.86
747429,"Cheese, American, restaurant",Dairy and Egg Products,375.0,17.5,31.1,6.35,,3.76,1600.0,173.0,508.0,0.24
747430,"Beans, Dry, Medium Red (0% moisture)",Legumes and Legume Products,,25.5,1.04,,4.3,,,1490.0,193.0,6.27
747431,"Beans, Dry, Red (0% moisture)",Legumes and Legume Products,,21.3,1.16,,4.0,,,1540.0,148.0,5.05
747432,"Beans, Dry, Flor de Mayo (0% moisture)",Legumes and Legume Products,,23.3,0.86,,4.0,,,1490.0,180.0,4.47
747433,"Beans, Dry, Brown (0% moisture)",Legumes and Legume Products,,25.6,1.12,,4.1,,,1580.0,158.0,4.7
747434,"Beans, Dry, Tan (0% moisture)",Legumes and Legume Products,,26.8,1.14,,4.4,,,1620.0,178.0,5.85
747435,"Beans, Dry, Light Tan (0% moisture)",Legumes and Legume Products,,24.6,1.28,,4.3,,,1230.0,98.0,7.29
747436,"Beans, Dry, Carioca (0% moisture)",Legumes and Legume Products,,25.2,1.44,,4.5,,,1390.0,194.0,5.87
747437,"Beans, Dry, Cranberry (0% moisture)",Legumes and Legume Products,,24.4,1.23,,4.3,,,1340.0,152.0,5.26
747438,"Beans, Dry, Light Red Kidney (0% moisture)",Legumes and Legume Products,,25.0,1.03,,4.5,,,1540.0,103.0,6.95
747439,"Beans, Dry, Pink (0% moisture)",Legumes and Legume Products,,23.4,1.2,,4.1,,,1490.0,137.0,5.46
747440,"Beans, Dry, Dark Red Kidney (0% moisture)",Legumes and Legume Products,,25.9,1.31,,4.3,,,1490.0,98.0,6.58
747441,"Beans, Dry, Navy (0% moisture)",Legumes and Legume Products,,24.1,1.51,,4.3,,,1470.0,229.0,5.29
747442,"Beans, Dry, Small White (0% moisture)",Legumes and Legume Products,,24.5,1.32,,4.3,,,1540.0,236.0,4.93
747443,"Beans, Dry, Small Red (0% moisture)",Legumes and Legume Products,,23.5,1.28,,4.1,,,1520.0,149.0,4.95
747444,"Beans, Dry, Black (0% moisture)",Legumes and Legume Products,,24.4,1.45,,4.2,,,1540.0,191.0,5.34
747445,"Beans, Dry, Pinto (0% moisture)",Legumes and Legume Products,,23.7,1.24,,4.1,,,1510.0,161.0,5.4
747446,"Beans, Dry, Great Northern (0% moisture)",Legumes and Legume Products,,24.7,1.24,,4.3,,,1520.0,192.0,5.48
747447,"Broccoli, raw",Vegetables and Vegetable Products,39.0,2.57,0.34,6.27,2.4,1.4,36.0,303.0,46.0,0.69
747448,"Strawberries, raw",Fruits and Fruit Juices,35.0,0.64,0.22,7.63,1.8,5.34,10.0,89.0,12.0,0.28
747693,"Ketchup, restaurant",Vegetables and Vegetable Products,117.0,1.11,0.55,26.8,,21.8,949.0,249.0,14.0,0.43
747997,"Eggs, Grade A, Large, egg white",Dairy and Egg Products,52.0,10.7,0.0,2.36,,,,,,
748236,"Eggs, Grade A, Large, egg yolk",Dairy and Egg Products,328.0,16.2,28.8,1.02,,,,,,
748278,"Oil, canola",Fats and Oils,,,,,,,,,,
748323,"Oil, corn",Fats and Oils,,,,,,,,,,
748366,"Oil, soybean",Fats and Oils,,,,,,,,,,
748608,"Oil, olive, extra virgin",Fats and Oils,,,,,,,,,,
748967,"Eggs, Grade A, Large, egg whole",Dairy and Egg Products,143.0,12.4,9.96,0.96,0.0,0.2,129.0,132.0,48.0,1.67
749420,"Pork, cured, bacon, cooked, restaurant",Pork Products,501.0,40.9,36.5,2.1,,3.14,1830.0,557.0,13.0,1.28
789828,"Butter, stick, unsalted",Dairy and Egg Products,,,81.5,,,,10.0,19.0,14.0,0.03
789890,"Flour, wheat, all-purpose, enriched, bleached",Cereal Grains and Pasta,366.0,10.9,1.48,77.3,,,2.0,136.0,19.0,5.62
789951,"Flour, wheat, all-purpose, enriched, unbleached",Cereal Grains and Pasta,359.0,13.1,1.48,73.2,,,4.0,135.0,21.0,5.41
790018,"Flour, wheat, all-purpose, unenriched, unbleached",Cereal Grains and Pasta,362.0,12.0,1.7,74.6,3.0,,2.0,150.0,22.0,1.18
790085,"Flour, whole wheat, unenriched",Cereal Grains and Pasta,370.0,15.1,2.73,71.2,10.6,,3.0,376.0,38.0,3.86
790146,"Flour, bread, white, enriched, unbleached",Cereal Grains and Pasta,363.0,14.3,1.65,72.8,,,3.0,127.0,19.0,5.55
790214,"Flour, rice, white, unenriched",Cereal Grains and Pasta,359.0,6.94,1.3,79.8,0.5,,5.0,75.0,6.0,0.22
790276,"Flour, corn, yellow, fine meal, enriched",Cereal Grains and Pasta,364.0,6.2,1.74,80.8,4.3,1.04,0.0,144.0,0.0,4.44
790508,"Butter, stick, salted",Dairy and Egg Products,,,82.2,,,0.58,524.0,23.0,21.0,0.06
790577,"Onions, red, raw",Vegetables and Vegetable Products,44.0,0.94,0.1,9.93,2.2,5.76,1.0,197.0,17.0,0.24
790646,"Onions, yellow, raw",Vegetables and Vegetable Products,38.0,0.83,0.05,8.61,1.9,5.82,1.0,182.0,15.0,0.28
790774,"Bananas, overripe, raw",Fruits and Fruit Juices,,0.73,0.22,20.1,1.7,,,,,
790991,"Bananas, ripe and slightly ripe, raw",Fruits and Fruit Juices,,0.74,0.29,23.0,1.7,,0.0,326.0,5.0,0.0
1104647,"Garlic, raw",Vegetables and Vegetable Products,143.0,6.62,0.38,28.2,2.7,,,,,
1104705,"Flour, soy, defatted",Legumes and Legume Products,366.0,51.1,3.33,32.9,,,2.0,2480.0,338.0,7.34
1104766,"Flour, soy, full-fat",Legumes and Legume Products,452.0,38.6,20.7,27.9,,,2.0,1860.0,258.0,9.51
1104812,"Flour, rice, brown",Cereal Grains and Pasta,365.0,7.19,3.85,75.5,,,1.0,265.0,10.0,1.5
1104867,"Flour, rice, glutinous",Cereal Grains and Pasta,358.0,6.69,1.16,80.1,,,6.0,80.0,10.0,0.34
1104913,"Flour, pastry, unenriched, unbleached",Cereal Grains and Pasta,359.0,8.75,1.64,77.2,,,1.0,142.0,17.0,0.87
1104962,"Onions, white, raw",Vegetables and Vegetable Products,36.0,0.89,0.13,7.68,1.2,5.76,2.0,141.0,21.0,0.15
1105073,"Bananas, overripe, raw",Fruits and Fruit Juices,85.0,0.73,0.22,20.1,1.7,15.8,,,,
1105314,"Bananas, ripe and slightly ripe, raw",Fruits and Fruit Juices,98.0,0.74,0.29,23.0,1.7,15.8,0.0,326.0,5.0,0.0
1105430,"Apples, red delicious, with skin, raw",Fruits and Fruit Juices,62.0,0.19,0.21,14.8,2.0,11.1,0.0,95.0,5.0,0.0
1105547,"Apples, honeycrisp, with skin, raw",Fruits and Fruit Juices,60.0,0.1,0.1,14.7,1.7,11.7,0.0,98.0,4.0,0.0
1105664,"Apples, granny smith, with skin, raw",Fruits and Fruit Juices,59.0,0.27,0.14,14.2,2.5,10.5,0.0,116.0,5.0,0.07
1105781,"Apples, gala, with skin, raw",Fruits and Fruit Juices,61.0,0.13,0.15,14.8,2.1,11.3,0.0,106.0,7.0,0.06
1105897,"Apples, fuji, with skin, raw",Fruits and Fruit Juices,65.0,0.15,0.16,15.7,2.1,12.6,1.0,104.0,6.0,0.02
1750337,"Soy milk, unsweetened, plain, shelf stable",Legumes and Legume Products,38.485,3.546875,2.125,1.293125,0.0,0.5569,34.28,158.2,101.0,0.5416
1750338,"Almond milk, unsweetened, plain, shelf stable",Beverages,14.5562,0.5546875,1.221,0.3371125,0.0,0.0,59.58,30.79,172.7,0.2899
1750339,"Apples, red delicious, with skin, raw",Fruits and Fruit Juices,61.7893,0.1875,0.2125,14.7817,2.043,12.221,0.0,95.31,4.656,0.0
1750340,"Apples, fuji, with skin, raw",Fruits and Fruit Juices,64.6609,0.1484375,0.1625,15.6511625,2.075,13.332,1.013,103.8,5.975,0.015
1750341,"Apples, gala, with skin, raw",Fruits and Fruit Juices,60.9536,0.1328125,0.15,14.7680875,2.109,11.835,0.2788,105.9,6.639,0.06013
1750342,"Apples, granny smith, with skin, raw",Fruits and Fruit Juices,58.8719,0.265625,0.1375,14.142975,2.514,10.651,0.0,115.9,5.483,0.06963
1750343,"Apples, honeycrisp, with skin, raw",Fruits and Fruit Juices,60.034,0.1015625,0.1,14.6819375,1.721,12.368,0.1375,98.04,3.874,0.0
1750344,"Mushroom, lion's mane",Vegetables and Vegetable Products,42.6655,2.5,0.2563,7.5897,,,0.3363,443.3,0.0,0.6883
1750345,"Mushroom, oyster",Vegetables and Vegetable Products,41.0475,2.89875,0.1875,6.94125,,,1.128,281.6,0.0,0.6981
1750346,"Mushrooms, shiitake",Vegetables and Vegetable Products,44.095,2.414375,0.195,8.170625,,,0.9363,243.0,0.7663,0.1443
1750347,"Mushrooms, white button",Vegetables and Vegetable Products,31.2172,2.890625,0.3708,4.079375,,,6.443,373.0,5.465,0.2267
1750348,"Oil, peanut",Fats and Oils,,,,,,,,,,
1750349,"Oil, sunflower",Fats and Oils,,,,,,,,,,
1750350,"Oil, safflower",Fats and Oils,,,,,,,,,,
1750351,"Oil, olive, extra light",Fats and Oils,,,,,,,,,,
1750352,"Spinach, baby",Vegetables and Vegetable Products,26.602,2.851875,0.6188,2.406325,1.558,,111.4,581.8,68.35,1.261
1750353,"Spinach, mature",Vegetables and Vegetable Products,27.63,2.90625,0.6044,2.64135,1.588,,106.6,459.7,66.64,1.054
1750354,"Tomato, roma",Vegetables and Vegetable Products,21.9574,0.695625,0.425,3.837475,0.9706,,0.0,192.8,9.963,0.1031
1999626,"Mushroom, lion's mane",Vegetables and Vegetable Products,42.6655,2.5,0.2563,7.5897,4.376,,0.3363,443.3,0.0,0.6883
1999627,"Mushroom, oyster",Vegetables and Vegetable Products,41.0475,2.89875,0.1875,6.94125,2.85,,1.128,281.6,0.0,0.6981
1999628,"Mushrooms, shiitake",Vegetables and Vegetable Products,44.095,2.414375,0.195,8.170625,4.166,,0.9363,243.0,0.7663,0.1443
1999629,"Mushrooms, white button",Vegetables and Vegetable Products,31.2172,2.890625,0.3708,4.079375,1.717,,6.443,373.0,5.465,0.2267
1999630,"Soy milk, unsweetened, plain, shelf stable",Legumes and Legume Products,38.485,3.546875,2.125,1.293125,0.0,0.5569,34.28,158.2,101.0,0.5416
1999631,"Almond milk, unsweetened, plain, shelf stable",Beverages,14.5562,0.5546875,1.221,0.3371125,0.0,0.0,59.58,30.79,172.7,0.2899
1999632,"Spinach, baby",Vegetables and Vegetable Products,26.602,2.851875,0.6188,2.406325,1.558,,111.4,581.8,68.35,1.261
1999633,"Spinach, mature",Vegetables and Vegetable Products,27.63,2.90625,0.6044,2.64135,1.588,,106.6,459.7,66.64,1.054
1999634,"Tomato, roma",Vegetables and Vegetable Products,21.9574,0.695625,0.425,3.837475,0.9706,,0.0,192.8,9.963,0.1031
2003586,"Flour, 00",Cereal Grains and Pasta,357.0648,11.4,1.52,74.4462,2.656,,0.0,135.5,18.68,0.9863
2003587,"Flour, spelt, whole grain",Cereal Grains and Pasta,363.679,14.475,2.543,70.723,9.339,,0.0,349.8,30.04,3.769
2003588,"Flour, semolina, coarse and semi-coarse",Cereal Grains and Pasta,356.5918,11.73125,1.597,73.82345,3.216,,0.0,173.8,17.16,1.547
2003589,"Flour, semolina, fine",Cereal Grains and Pasta,357.81,13.33125,1.838,71.98575,3.683,,0.4263,207.8,19.76,2.431
2003590,"Apple juice, with added vitamin C, from concentrate, shelf stable",Fruits and Fruit Juices,48.3763,0.0859375,0.2863,11.3639625,,10.295,4.872,95.87,7.099,0.04016
2003591,"Orange juice, no pulp, not fortified, from concentrate, refrigerated",Fruits and Fruit Juices,47.225,0.734375,0.325,10.340625,,8.276,5.231,179.5,12.81,0.06458
2003592,"Grape juice, purple, with added vitamin C, from concentrate, shelf stable",Fruits and Fruit Juices,66.1099,0.2578125,0.2875,15.6227875,,14.036,4.019,49.78,9.741,0.04092
2003593,"Grape juice, white, with added vitamin C, from concentrate, shelf stable",Fruits and Fruit Juices,66.135,0.09375,0.265,15.84375,,14.446,7.188,49.01,7.318,0.1191
2003594,"Cranberry juice, not fortified, from concentrate, shelf stable",Fruits and Fruit Juices,32.0925,0.0,0.3375,7.26375,,3.413,6.341,70.58,6.641,0.1257
2003595,"Grapefruit juice, red, not fortified, not from concentrate, refrigerated",Fruits and Fruit Juices,41.0921,0.5703125,0.2669,9.1021875,,7.116,1.031,128.3,8.879,0.01529
2003596,"Tomato juice, with added ingredients, from concentrate, shelf stable",Vegetables and Vegetable Products,23.3075,0.859375,0.2875,4.320625,,2.567,235.6,197.6,9.744,0.2988
2003597,"Orange juice, no pulp, not fortified, not from concentrate, refrigerated",Fruits and Fruit Juices,46.5063,0.8125,0.3563,10.0124,,8.077,0.075,182.8,9.288,0.07061
2003598,"Mushroom, portabella",Vegetables and Vegetable Products,32.4385,2.75,0.3117,4.6583,1.879,,5.312,349.3,3.235,0.139
2003599,"Mushroom, king oyster",Vegetables and Vegetable Products,46.3951,2.40625,0.3075,8.50065,3.009,,0.7713,294.5,0.0,0.3381
2003600,"Mushroom, enoki",Vegetables and Vegetable Products,44.4382,2.416875,0.245,8.141425,2.945,,0.4167,402.3,1.432,1.275
2003601,"Mushroom, crimini",Vegetables and Vegetable Products,30.2035,3.09375,0.1967,4.01455,1.781,,4.572,380.3,4.105,0.3115
2003602,"Mushroom, maitake",Vegetables and Vegetable Products,37.615,2.203125,0.265,6.604375,3.071,,0.345,260.0,0.0,0.2089
2003603,"Mushroom, beech",Vegetables and Vegetable Products,39.8018,2.18,0.4494,6.7593,3.139,,0.8913,375.9,0.4325,0.7388
2003604,"Mushroom, pioppini",Vegetables and Vegetable Products,39.2148,3.5,0.24,5.7637,2.753,,0.0,392.4,0.0,0.486
2257044,"Soy milk, sweetened, plain, refrigerated",Legumes and Legume Products,40.705,2.776875,1.957,2.996125,0.0,,39.44,117.9,154.8,0.3666
2257045,"Almond milk, unsweetened, plain, refrigerated",Beverages,19.33,0.65625,1.558,0.67075,0.0,,59.22,49.27,157.5,0.1247
2257046,"Oat milk, unsweetened, plain, refrigerated",Beverages,48.3298,0.796875,2.749,5.100325,0.0,2.3216,41.98,148.4,148.5,0.2612
2258586,"Carrots, mature, raw",Vegetables and Vegetable Products,47.9906,0.94125,0.3506,10.26755,3.095,,86.65,279.6,30.48,0.1504
2258587,"Carrots, baby, raw",Vegetables and Vegetable Products,40.7723,0.805,0.1375,9.0787,2.694,,62.66,237.3,42.23,0.088
2258588,"Peppers, bell, green, raw",Vegetables and Vegetable Products,22.9291,0.715,0.1063,4.7781,0.9419,,0.0,163.1,7.496,0.1861
2258589,"Peppers, bell, yellow, raw",Vegetables and Vegetable Products,30.7743,0.819375,0.1211,6.601725,1.071,,0.0,197.3,6.686,0.3596
2258590,"Peppers, bell, red, raw",Vegetables and Vegetable Products,31.3256,0.895625,0.1256,6.653175,1.158,,0.0,212.7,6.361,0.3533
2258591,"Peppers, bell, orange, raw",Vegetables and Vegetable Products,31.7404,0.881875,0.1556,6.703125,0.9674,,0.0,200.8,4.899,0.3652
2259792,"Buttermilk, low fat",Dairy and Egg Products,42.835,3.464978,1.081,4.811522,,,92.49,158.0,120.1,0.01325
2259793,"Yogurt, plain, whole milk",Dairy and Egg Products,77.9524,3.824172,4.484,5.574928,,4.0936,41.78,164.1,126.8,0.0
2259794,"Yogurt, Greek, plain, whole milk",Dairy and Egg Products,93.6776,8.77888,4.394,4.75402,,3.2474,33.76,146.9,110.9,0.0
2259795,"Cheese, parmesan, grated, refrigerated",Dairy and Egg Products,403.384,30.13912,29.5,4.33188,,0.63815,1046.0,73.95,950.4,0.1405
2259796,"Cheese, feta, whole milk, crumbled",Dairy and Egg Products,272.884,19.70782,19.08,5.58318,,1.6257,1034.0,105.3,371.1,0.0675
2261420,"Flour, almond",Nut and Seed Products,622.042,26.24375,50.23,16.24925,9.266,,0.8944,666.8,232.3,3.225
2261421,"Flour, oat, whole grain",Cereal Grains and Pasta,389.125,13.16875,6.309,69.91725,10.5,,3.619,373.1,42.81,3.997
2261422,"Flour, potato",Vegetables and Vegetable Products,360.7805,8.1125,0.9513,79.9422,5.401,,47.66,1269.0,44.12,11.97
2262072,"Peanut butter, creamy",Legumes and Legume Products,631.65,23.99124,49.43,22.70376,6.323,,220.7,654.0,49.85,1.853
2262073,"Sesame butter, creamy",Nut and Seed Products,697.1376,19.7054,62.4,14.179,8.372,,63.63,407.7,115.8,7.003
2262074,"Almond butter, creamy",Nut and Seed Products,645.456,20.78734,53.04,21.23666,9.718,,0.9963,745.4,263.8,4.108
2262075,"Flaxseed, ground",Nut and Seed Products,545.084,18.0359,37.28,34.3551,23.13,,36.74,793.4,229.9,5.778
2263887,"Strawberries, raw",Fruits and Fruit Juices,36.4,0.640625,0.22,7.964375,,4.862,0.0,160.7,16.9,0.255
2263888,"Raspberries, raw",Fruits and Fruit Juices,57.3375,1.008125,0.1875,12.904375,,2.6759,0.0,155.8,16.41,0.4501
2263889,"Blueberries, raw",Fruits and Fruit Juices,63.8563,0.703125,0.3063,14.571775,,9.356,0.0,85.64,11.69,0.3398
2263890,"Grapes, red, seedless, raw",Fruits and Fruit Juices,85.919,0.914375,0.1638,20.196825,,17.341,6.999,229.4,10.17,0.1615
2263891,"Grapes, green, seedless, raw",Fruits and Fruit Juices,80.1025,0.89875,0.2325,18.60375,,16.133,3.171,218.1,9.897,0.1991
2263892,"Applesauce, unsweetened, with added vitamin C",Fruits and Fruit Juices,51.6025,0.2734375,0.1625,12.2615625,,9.663,0.5038,107.7,3.821,0.04475
2346384,"Cottage cheese, full fat, large or small curd",Dairy and Egg Products,102.921,11.62436,4.225,4.59964,,,349.8,123.6,88.27,0.0
2346385,"Cream cheese, full fat, block",Dairy and Egg Products,342.794,5.78985,33.49,4.55615,,,367.8,124.8,97.11,0.0
2346386,"Cream, heavy",Dairy and Egg Products,343.31,2.017994,35.56,3.799506,,,20.61,96.94,61.21,0.0
2346387,"Cream, sour, full fat",Dairy and Egg Products,196.4148,3.070694,17.99,5.555506,,,50.04,153.8,107.2,0.0
2346388,"Lettuce, iceberg, raw",Vegetables and Vegetable Products,17.10875,0.7425,0.07375,3.36875,,,16.11,139.3,14.24,0.03325
2346389,"Lettuce, romaine, green, raw",Vegetables and Vegetable Products,20.77105,0.976875,0.07125,4.055575,,,23.0,260.4,27.56,0.267
2346390,"Lettuce, leaf, red, raw",Vegetables and Vegetable Products,17.5315,0.883125,0.1063,3.260575,,,24.89,321.4,42.59,0.4023
2346391,"Lettuce, leaf, green, raw",Vegetables and Vegetable Products,22.0463,1.09375,0.1563,4.06615,,,28.88,277.1,39.84,0.3195
2346392,"Nuts, pine nuts, raw",Nut and Seed Products,688.614,15.7039,61.27,18.5921,3.941,,0.0,654.8,8.736,5.36
2346393,"Nuts, almonds, whole, raw",Nut and Seed Products,625.75,21.45038,51.09,20.03462,10.78,,0.0,732.8,253.6,3.741
2346394,"Nuts, walnuts, English, halves, raw",Nut and Seed Products,729.556,14.5644,69.74,10.9096,5.21,,0.0,423.5,88.26,2.235
2346395,"Nuts, pecans, halves, raw",Nut and Seed Products,750.152,9.9587,73.28,12.6993,5.793,,0.0,360.3,54.83,2.371
2346396,"Oats, whole grain, rolled, old fashioned",Cereal Grains and Pasta,381.626,13.49645,5.89,68.65755,,,0.6675,350.1,45.53,4.339
2346397,"Oats, whole grain, steel cut",Cereal Grains and Pasta,381.248,12.51118,5.8,69.75082,,,0.3113,375.9,51.34,3.801
2346398,"Pineapple, raw",Fruits and Fruit Juices,60.1113,0.4609375,0.2113,14.0914625,0.9346,11.42,0.0,137.1,12.5,0.054
2346399,"Cherries, sweet, dark red, raw",Fruits and Fruit Juices,70.5425,1.039375,0.1925,16.163125,,13.872,0.0,229.6,12.26,0.1054
2346400,"Beans, snap, green, raw",Vegetables and Vegetable Products,39.9998,1.96875,0.275,7.41245,3.011,2.3338,0.0,290.4,40.05,0.6516
2346401,"Potatoes, russet, without skin, raw",Vegetables and Vegetable Products,83.42,2.27375,0.36,17.77125,,0.5263,2.743,450.1,7.801,0.3835
2346402,"Potatoes, red, without skin, raw",Vegetables and Vegetable Products,75.5575,2.0625,0.2475,16.27,,0.6639,2.856,472.0,5.128,0.3911
2346403,"Potatoes, gold, without skin, raw",Vegetables and Vegetable Products,73.4738,1.8125,0.2638,15.9624,,0.6451,2.238,445.8,5.943,0.3728
2346404,"Sweet potatoes, orange flesh, without skin, raw",Vegetables and Vegetable Products,78.999,1.578125,0.375,17.327875,,6.0588,0.0,486.4,22.33,0.398
2346405,"Celery, raw",Vegetables and Vegetable Products,16.6973,0.4921875,0.1625,3.3165125,,,97.21,265.2,46.28,0.0
2346406,"Cucumber, with peel, raw",Vegetables and Vegetable Products,15.9075,0.625,0.1775,2.9525,,,1.515,169.6,16.34,0.0
2346407,"Cabbage, green, raw",Vegetables and Vegetable Products,31.4275,0.96125,0.2275,6.38375,,,16.1,207.1,41.84,0.06625
2346408,"Cabbage, red, raw",Vegetables and Vegetable Products,34.0538,1.2425,0.2138,6.7899,,,11.72,269.1,30.99,0.0
2346409,"Strawberries, raw",Fruits and Fruit Juices,36.4,0.640625,0.22,7.964375,,4.862,0.0,160.7,16.9,0.255
2346410,"Raspberries, raw",Fruits and Fruit Juices,57.3375,1.008125,0.1875,12.904375,,2.6759,0.0,155.8,16.41,0.4501
2346411,"Blueberries, raw",Fruits and Fruit Juices,63.8563,0.703125,0.3063,14.571775,,9.356,0.0,85.64,11.69,0.3398
2346412,"Grapes, red, seedless, raw",Fruits and Fruit Juices,85.919,0.914375,0.1638,20.196825,,17.341,6.999,229.4,10.17,0.1615
2346413,"Grapes, green, seedless, raw",Fruits and Fruit Juices,80.1025,0.89875,0.2325,18.60375,,16.133,3.171,218.1,9.897,0.1991
2346414,"Applesauce, unsweetened, with added vitamin C",Fruits and Fruit Juices,51.6025,0.2734375,0.1625,12.2615625,,9.663,0.5038,107.7,3.821,0.04475
2512371,"Flour, amaranth",Cereal Grains and Pasta,384.076,13.2093,6.236,68.7787,7.209,,0.0,395.8,135.2,7.56
2512372,"Flour, quinoa",Cereal Grains and Pasta,385.197,11.92235,6.601,69.52465,6.295,,6.321,550.9,37.56,4.528
2512373,"Flour, sorghum",Cereal Grains and Pasta,374.93,8.27277,3.586,77.39123,6.019,,0.0,335.1,11.41,3.721
2512374,"Flour, buckwheat",Cereal Grains and Pasta,357.968,8.88492,2.484,75.01808,10.35,,0.0,378.1,30.55,3.84
2512375,"Flour, rye",Cereal Grains and Pasta,359.4,8.3952,1.908,77.1618,13.68,,0.0,434.0,32.24,2.536
2512376,"Flour, barley",Cereal Grains and Pasta,366.53,8.72168,2.45,77.39832,12.79,,20.33,366.6,35.56,3.301
2512377,"Flour, cassava",Vegetables and Vegetable Products,357.369,0.918225,0.4938,87.312975,4.834,,13.08,197.6,74.55,3.988
2512378,"Buckwheat, whole grain",Cereal Grains and Pasta,356.135,11.06534,3.039,71.13066,4.046,,0.0,414.5,13.64,2.444
2512379,"Millet, whole grain",Cereal Grains and Pasta,375.618,10.02177,4.194,74.44623,2.619,,0.0,214.1,9.105,2.534
2512380,"Rice, brown, long grain, unenriched, raw",Cereal Grains and Pasta,365.518,7.25305,3.306,76.68795,3.021,,0.0,250.1,8.058,1.242
2512381,"Rice, white, long grain, unenriched, raw",Cereal Grains and Pasta,358.705,7.03885,1.033,80.31315,0.1488,,0.4625,82.26,4.46,0.1405
2514743,"Beef, ground, 90% lean meat / 10% fat, raw",Beef Products,184.8648,18.15625,12.85,0.0,,,61.64,281.4,7.135,2.128
2514744,"Beef, ground, 80% lean meat / 20% fat, raw",Beef Products,242.61,17.53125,19.44,0.0,,,54.94,273.3,6.889,1.965
2514745,"Pork, ground, raw",Pork Products,228.2728,17.80625,17.49,0.0,,,53.63,317.7,5.857,0.7876
2514746,"Chicken, ground, with additives, raw",Poultry Products,133.0498,17.9125,7.161,0.0,,,62.95,301.7,5.819,0.5926
2514747,"Turkey, ground, 93% lean/ 7% fat, raw",Poultry Products,152.615,17.34375,9.591,0.0,,,80.18,246.3,23.63,1.087
2515373,"Nuts, brazilnuts, raw",Nut and Seed Products,663.586,15.03684,57.43,21.64216,5.984,,0.0,592.5,167.8,2.474
2515374,"Nuts, cashew nuts, raw",Nut and Seed Products,564.664,17.4423,38.86,36.2887,4.104,,4.759,638.3,41.95,5.988
2515375,"Nuts, hazelnuts or filberts, raw",Nut and Seed Products,641.39,13.4938,53.49,26.5012,8.41,,0.0,635.9,134.7,3.465
2515376,"Peanuts, raw",Legumes and Legume Products,588.332,23.205,43.28,26.498,8.014,,1.493,635.6,49.13,1.554
2515377,"Flour, chestnut",Nut and Seed Products,384.672,5.28675,4.636,80.45025,8.711,,0.0,1032.0,55.81,1.621
2515378,"Nuts, macadamia nuts, raw",Nut and Seed Products,711.89,7.7857,64.93,24.0943,7.563,,0.0,372.6,52.71,1.881
2515379,"Nuts, pistachio nuts, raw",Nut and Seed Products,597.98,20.5057,45.02,27.6943,6.969,,0.0,947.0,117.4,3.456
2515380,"Seeds, pumpkin seeds (pepitas), raw",Nut and Seed Products,554.602,29.9079,40.03,18.6751,5.079,,0.0,691.2,37.38,8.363
2515381,"Seeds, sunflower seed, kernel, raw",Nut and Seed Products,609.456,18.8733,48.44,24.5007,7.215,,0.0,656.8,115.6,4.37
2515382,"Flour, coconut",Nut and Seed Products,437.684,16.1385,15.28,58.9025,34.24,,46.94,2088.0,35.98,8.018
2644281,"Beans, cannellini, dry",Legumes and Legume Products,345.223,21.5625,2.199,59.7955,,,0.0,1424.0,142.9,6.673
2644282,"Chickpeas, (garbanzo beans, bengal gram), dry",Legumes and Legume Products,382.998,21.275,6.274,60.358,,,8.779,1074.0,111.1,5.094
2644283,"Lentils, dry",Legumes and Legume Products,360.285,23.56875,1.925,62.17125,,,0.0,948.9,61.85,7.158
2644284,"Blackeye pea, dry",Legumes and Legume Products,354.015,21.225,2.419,61.836,,,3.458,1243.0,71.4,5.93
2644285,"Beans, black, canned, sodium added, drained and rinsed",Legumes and Legume Products,118.361,6.9125,1.273,19.8135,,,217.9,253.1,43.31,1.688
2644286,"Beans, navy, canned, sodium added, drained and rinsed",Legumes and Legume Products,118.79,6.56875,1.398,19.98325,,,190.1,183.7,63.91,1.599
2644287,"Beans, cannellini, canned, sodium added, drained and rinsed",Legumes and Legume Products,115.445,7.4125,1.169,18.8185,,,164.0,202.6,69.19,1.405
2644288,"Chickpeas (garbanzo beans, bengal gram), canned, sodium added, drained and rinsed",Legumes and Legume Products,137.22,7.01875,3.096,20.32025,,,201.7,136.8,40.48,1.042
2644289,"Beans, kidney, dark red, canned, sodium added, sugar added, drained and rinsed",Legumes and Legume Products,126.624,7.8,1.256,21.03,,,172.3,226.9,56.94,1.439
2644290,"Beans, kidney, light red, canned, sodium added, sugar added, drained and rinsed",Legumes and Legume Products,126.703,7.30625,1.299,21.44675,,,158.5,209.4,60.25,1.305
2644291,"Peas, green, sweet, canned, sodium added, sugar added, drained and rinsed",Vegetables and Vegetable Products,80.145,4.734375,1.153,12.707625,,,207.4,109.2,28.21,1.139
2644292,"Beans, pinto, canned, sodium added, drained and rinsed",Legumes and Legume Products,116.57,6.69375,1.266,19.60025,,,201.6,209.6,55.23,1.284
2644293,"Blackeye pea, canned, sodium added, drained and rinsed",Legumes and Legume Products,116.0276,6.925,1.296,19.1659,,,226.7,138.1,27.78,1.084
2644294,"Beans, great northern, canned, sodium added, drained and rinsed",Legumes and Legume Products,116.834,7.03125,1.266,19.32875,,,223.1,213.1,67.16,1.382
2646168,"Pork, loin, boneless, raw",Pork Products,167.769,21.11875,9.469,0.0,,,40.2,361.2,4.111,0.4519
2646169,"Pork, loin, tenderloin, boneless, raw",Pork Products,119.039,21.58125,3.899,0.0,,,41.39,397.4,4.528,0.9293
2646170,"Chicken, breast, boneless, skinless, raw",Poultry Products,106.034,22.525,1.934,0.0,,,65.75,330.1,3.939,0.3543
2646171,"Chicken, thigh, boneless, skinless, raw",Poultry Products,144.07,18.6125,7.916,0.0,,,62.33,271.8,5.65,0.6018
2646172,"Beef, ribeye, steak, boneless, choice, raw",Beef Products,254.11,18.74375,20.04,0.0,,,42.54,288.0,4.173,1.641
2646173,"Beef, round, top round, boneless, choice, raw",Beef Products,140.635,21.475,5.703,0.852,,,45.54,351.5,4.07,1.901
2646174,"Beef, chuck, roast, boneless, choice, raw",Beef Products,231.7048,18.4,17.8,0.0,,,48.44,281.1,4.576,2.059
2646175,"Beef, flank, steak, boneless, choice, raw",Beef Products,163.8998,20.13125,9.399,0.0,,,51.3,331.8,3.836,1.834
2647437,"Yogurt, plain, nonfat",Dairy and Egg Products,50.0015,4.22675,0.0875,8.07675,,,51.48,210.5,167.4,0.0
2647438,"Cheese, monterey jack, solid",Dairy and Egg Products,391.73,22.6171,32.63,1.8979,,,662.2,82.94,714.6,0.0
2647439,"Cheese, pasteurized process cheese food or product, American, singles",Dairy and Egg Products,309.768,15.5672,23.86,8.1898,,,1420.0,211.8,1498.0,1.303
2647440,"Cheese, provolone, sliced",Dairy and Egg Products,356.794,23.45288,28.13,2.45312,,,600.9,94.84,748.8,0.0
2647441,"Cheese, oaxaca, solid",Dairy and Egg Products,297.088,22.14498,22.1,2.40202,,,734.2,80.73,532.3,0.0
2647442,"Cheese, queso fresco, solid",Dairy and Egg Products,297.608,18.8848,23.36,2.9572,,,626.5,126.4,601.8,0.0
2647443,"Cheese, cotija, solid",Dairy and Egg Products,351.4,23.83568,27.24,2.72432,,,1625.0,116.7,699.6,0.0
2684440,"Fish, salmon, sockeye, wild caught, raw",Finfish and Shellfish Products,129.984,22.3,4.936,0.0,,,53.3,329.7,14.84,0.4024
2684441,"Fish, salmon, Atlantic, farm raised, raw",Finfish and Shellfish Products,197.294,20.31875,13.11,0.0,,,49.49,378.2,9.423,0.2588
2684442,"Fish, tilapia, farm raised, raw",Finfish and Shellfish Products,94.659,19.0,2.479,0.0,,,93.66,342.4,8.628,0.0
2684443,"Crustaceans, shrimp, farm raised, raw",Finfish and Shellfish Products,71.4265,15.56875,0.8013,0.48495,,,474.9,145.9,64.63,0.5223
2684444,"Fish, cod, Atlantic, wild caught, raw",Finfish and Shellfish Products,65.9855,16.06875,0.6675,0.0,,,298.8,245.1,6.59,0.065
2684445,"Fish, catfish, farm raised, raw",Finfish and Shellfish Products,129.1124,16.46875,7.308,0.0,,,60.51,292.3,7.796,0.0
2684446,"Crustaceans, crab, blue swimming, lump, pasteurized, refrigerated",Finfish and Shellfish Products,80.9935,18.65,0.8075,0.0,,,331.3,234.8,110.9,0.6319
2685568,"Squash, summer, green, zucchini, includes skin, raw",Vegetables and Vegetable Products,19.0,0.984375,0.205,3.27,0.7525,,0.0,225.8,20.85,0.1945
2685569,"Squash, summer, yellow, includes skin, raw",Vegetables and Vegetable Products,22.0,0.890625,0.135,4.39,0.9563,,0.0,220.5,22.69,0.1369
2685570,"Squash, winter, butternut, raw",Vegetables and Vegetable Products,48.1323,1.14875,0.1675,10.50745,1.959,,0.0,329.1,21.74,0.2129
2685571,"Squash, winter, acorn, raw",Vegetables and Vegetable Products,48.5625,1.25,0.1825,10.48,2.635,,0.0,332.1,24.82,0.3078
2685572,"Cabbage, bok choy, raw",Vegetables and Vegetable Products,20.259,1.02375,0.2338,3.51495,1.259,,14.27,227.8,61.93,0.4388
2685573,"Cauliflower, raw",Vegetables and Vegetable Products,27.5923,1.640625,0.2375,4.723075,1.948,,20.0,274.4,20.35,0.3338
2685574,"Collards, raw",Vegetables and Vegetable Products,46.894,2.96875,0.77,7.02225,3.816,,18.41,409.8,276.4,0.7505
2685575,"Brussels sprouts, raw",Vegetables and Vegetable Products,59.485,3.984375,0.565,9.615625,4.785,,25.74,476.8,38.64,0.7305
2685576,"Beets, raw",Vegetables and Vegetable Products,44.6205,1.6875,0.3025,8.787,3.119,5.1015,111.6,341.5,13.82,0.4281
2685577,"Eggplant, raw",Vegetables and Vegetable Products,26.0848,0.851875,0.12,5.399325,2.448,2.354,0.4425,222.1,11.06,0.0
2685578,"Tomatoes, whole, canned, solids and liquids, with salt added",Vegetables and Vegetable Products,22.4763,0.8675,0.2063,4.2874,0.8725,2.613,111.5,202.9,19.83,0.9291
2685579,"Tomato, sauce, canned, with salt added",Vegetables and Vegetable Products,34.1765,1.351875,0.3825,6.331625,1.636,3.517,416.9,355.5,17.1,1.107
2685580,"Tomato, paste, canned, without salt added",Vegetables and Vegetable Products,104.2825,4.234375,0.7325,20.188125,4.704,11.693,61.15,971.6,36.85,3.185
2685581,"Tomatoes, crushed, canned",Vegetables and Vegetable Products,37.8755,1.4375,0.3975,7.137,1.944,3.744,139.8,345.6,19.2,2.268
2685582,"Tomato, puree, canned",Vegetables and Vegetable Products,40.845,1.578125,0.265,8.036875,1.971,4.313,29.36,416.4,17.64,1.237
2710815,"Apricot, with skin, raw",Fruits and Fruit Juices,48.445,0.96125,0.405,10.23875,1.51,6.25,0.0,231.4,11.59,0.1634
2710816,"Melons, honeydew, raw",Fruits and Fruit Juices,36.6715,0.53125,0.2163,8.14995,,7.029,21.15,208.9,6.579,0.0
2710817,"Plantains, ripe, raw",Fruits and Fruit Juices,136.4733,1.15625,0.8933,30.95215,2.125,14.243,0.0,395.6,3.825,0.3192
2710818,"Plantains, underripe, raw",Fruits and Fruit Juices,145.4318,1.229375,0.685,33.587325,2.53,2.412,0.0,406.3,4.832,0.3342
2710819,"Chia seeds, dry, raw",Cereal Grains and Pasta,517.154,17.013,32.89,38.273,,,0.0,642.1,595.4,6.043
2710820,"Bulgur, dry, raw",Cereal Grains and Pasta,372.341,11.75625,2.421,75.88175,11.72,,2.18,358.3,34.11,2.625
2710821,"Wild rice, dry, raw",Cereal Grains and Pasta,369.164,12.7875,1.704,75.6695,4.26,,1.014,298.8,7.973,1.53
2710822,"Arugula, baby, raw",Vegetables and Vegetable Products,30.993,1.64875,0.325,5.36825,2.28,,86.93,406.8,203.7,1.393
2710823,"Asparagus, green, raw",Vegetables and Vegetable Products,28.1015,1.4375,0.2163,5.1012,1.883,,2.46,277.5,20.58,0.4436
2710824,"Avocado, Hass, peeled, raw",Fruits and Fruit Juices,223.334,1.8125,20.31,8.3235,,,0.0,576.4,14.46,0.6133
2710825,"Rice, black, unenriched, raw",Cereal Grains and Pasta,369.97,7.56875,3.438,77.18825,4.179,,0.0,255.6,14.4,1.116
2710826,"Corn, sweet, yellow and white kernels, Â fresh, raw",Vegetables and Vegetable Products,84.55,2.789375,1.626,14.689625,2.428,7.372,0.0,237.0,0.6563,0.3875
2710827,"Einkorn, grain, dry, raw",Cereal Grains and Pasta,369.383,15.11719,3.811,68.65381,8.913,,0.0,431.8,41.41,3.69
2710828,"Farro, pearled, dry, raw",Cereal Grains and Pasta,367.011,12.63944,3.103,72.13156,7.31,,0.845,385.4,25.94,3.195
2710829,"Fonio, grain, dry, raw",Cereal Grains and Pasta,369.133,7.16875,1.693,81.30525,2.197,,2.967,43.79,11.65,2.663
2710830,"Khorasan, grain, dry, raw",Cereal Grains and Pasta,371.4,14.75573,2.8,71.79427,10.52,,3.936,450.5,24.08,3.874
2710831,"Kiwifruit (kiwi), green, peeled, raw",Fruits and Fruit Juices,65.0648,1.008125,0.64,13.818075,2.129,8.5568,2.275,301.5,24.38,0.03663
2710832,"Mandarin, seedless, peeled, raw",Fruits and Fruit Juices,61.9623,1.039375,0.4575,13.421825,1.328,9.116,0.0,167.2,43.96,0.0
2710833,"Mango, Tommy Atkins, peeled, raw",Fruits and Fruit Juices,68.4625,0.5625,0.5725,15.265,1.753,10.698,0.0,165.0,12.4,0.0
2710834,"Mango, Ataulfo, peeled, raw",Fruits and Fruit Juices,78.4665,0.6875,0.6813,17.3962,1.289,11.1,0.0,204.4,10.02,0.0
2710835,"Corn flour, masa harina, white or yellow, dry, raw",Cereal Grains and Pasta,376.068,7.5625,4.34,76.6895,7.038,,2.733,276.6,111.6,1.698
2710836,"Pear, Anjou, green, with skin, raw",Fruits and Fruit Juices,63.6613,0.3125,0.3713,14.7674,2.636,7.79871,0.3975,122.5,9.986,0.0
2710837,"Plum, black, with skin, raw",Fruits and Fruit Juices,58.6773,0.578125,0.2825,13.455575,1.346,7.964,0.0,186.3,4.031,0.0
2710838,"Rice, red, unenriched, dry, raw",Cereal Grains and Pasta,369.828,8.5625,3.44,76.1545,4.198,,0.4375,245.1,9.224,1.198
2710839,"Sorghum bran, white, unenriched, dry, raw",Cereal Grains and Pasta,402.787,11.16875,9.259,68.69525,34.95,,2.915,851.5,61.66,14.21
2710840,"Sorghum flour, white, pearled, unenriched, dry, raw",Cereal Grains and Pasta,364.018,10.2125,3.238,73.5065,3.299,,0.0,273.9,7.894,2.225
2710841,"Sorghum grain, white, pearled, unenriched, dry, raw",Cereal Grains and Pasta,369.873,10.25,3.265,74.872,3.916,,0.0,273.9,7.45,2.036
2710842,"Sorghum, whole grain, white, dry, raw",Cereal Grains and Pasta,372.591,10.08125,4.219,73.57375,8.274,,0.3288,367.1,14.93,3.895
2710843,"Plantains, overripe, raw",Fruits and Fruit Juices,130.3432,1.166875,0.99,29.191425,1.792,19.16633,0.0,408.2,3.9,0.3148
2727566,"Chicken, drumstick, meat and skin, raw",Poultry Products,124.9848,18.35625,5.94,0.0,,,90.98,244.1,8.285,0.6658
2727567,"Chicken, thigh, meat and skin, raw",Poultry Products,187.8848,17.10625,13.35,0.0,,,63.55,246.0,5.726,0.5861
2727568,"Chicken, wing, meat and skin, raw",Poultry Products,167.55,18.40625,10.64,0.0,,,84.14,194.0,13.55,0.5111
2727569,"Chicken, breast, meat and skin, raw",Poultry Products,126.905,21.40625,4.777,0.0,,,48.07,332.5,6.898,0.3535
2727570,"Lamb, ground, raw","Lamb, Veal, and Game Products",236.6068,17.4625,18.64,0.0,,,53.45,272.1,6.575,1.643
2727571,"Bison, ground, raw","Lamb, Veal, and Game Products",158.8468,19.88125,8.88,0.0,,,55.7,301.1,6.827,2.168
2727572,"Beef, short loin (NY strip steak), raw",Beef Products,190.0448,21.325,11.54,0.2212,,,43.09,323.0,5.043,1.608
2727573,"Beef,Â tenderloin steak, raw",Beef Products,143.2,21.09375,6.456,0.18025,,,44.85,344.7,4.089,2.53
2727574,"Beef, top sirloin steak, raw",Beef Products,140.144,21.975,5.708,0.218,,,42.85,349.4,3.701,2.224
2727575,"Pork, chop, center cut, raw",Pork Products,138.275,22.8125,5.475,0.0,,,39.3,366.5,4.124,0.4213
2727576,"Pork, belly, with skin, raw",Pork Products,380.45,15.2,35.83,0.0,,,49.7,207.9,4.205,0.3817
2727577,"Pawpaw, peeled, seeded, raw",Fruits and Fruit Juices,,1.151875,,,3.3,14.12714,0.3514,220.9,9.91,0.07471
2727578,"Squash, pie pumpkin, peeled, seeded, raw",Vegetables and Vegetable Products,,0.854375,,,2.3,4.1353,0.3125,472.1,16.36,0.06325
2727579,"Squash, spaghetti, peeled, seeded, raw",Vegetables and Vegetable Products,,0.791875,,,1.4,4.0085,0.3125,266.9,16.55,0.03125
2727580,"Rutabaga, peeled, raw",Vegetables and Vegetable Products,,0.8875,,,2.9,6.0133,4.591,266.6,42.0,0.1373
2727581,"Blackberries, raw",Fruits and Fruit Juices,,1.52625,,,5.3,6.52125,1.548,167.4,15.45,0.2079
2727582,"Tomatillos, dehusked, raw",Vegetables and Vegetable Products,,1.064375,,,1.7,2.8678,0.3113,239.1,7.141,0.245
2727583,"Cabbage, napa, leaf, destemmed, raw",Vegetables and Vegetable Products,,1.06375,,,1.2,2.76675,12.65,234.6,35.05,0.2554
2727584,"Leeks, bulb and greens, root removed, raw",Vegetables and Vegetable Products,,1.4675,,,3.0,3.1485,17.66,319.0,51.41,0.761
2727585,"Green onion, (scallion), bulb and greens, root removed, raw",Vegetables and Vegetable Products,,0.66875,,,2.3,2.618,9.948,232.0,59.44,1.044
2727586,"Shallots, bulb, peeled, root removed, raw",Vegetables and Vegetable Products,,1.3775,,,2.2,4.351,3.636,251.5,26.06,0.3323
2727587,"Juice, prune, shelf-stable",Fruits and Fruit Juices,,0.422625,,,,14.8125,10.29,215.6,16.23,0.444
2727588,"Juice, pomegranate, from concentrate, shelf-stable",Fruits and Fruit Juices,,0.0,,,,13.27675,4.038,165.6,11.03,0.03088
2727589,"Juice, tart cherry, from concentrate, shelf-stable",Fruits and Fruit Juices,,0.1465625,,,,10.87075,1.363,169.8,16.2,0.2034
2747652,"Anchovies, canned in olive oil, with salt, drained",Finfish and Shellfish Products,206.065,26.9375,9.853,2.4095,,,5403.0,297.8,239.8,2.688
2747653,"Beet greens, raw",Vegetables and Vegetable Products,26.367,1.609375,0.1438,4.658825,2.578,0.89,280.5,368.7,72.8,3.163
2747654,"Cod, Pacific or Alaskan, frozen, wild caught",Finfish and Shellfish Products,60.84,14.2,0.216,0.524,,,353.9,192.3,9.013,0.0
2747655,"Fennel, bulb, raw",Vegetables and Vegetable Products,26.8924,0.921875,0.14,5.486225,2.046,3.196,49.03,332.4,41.3,0.0
2747656,"Halibut, frozen, wild caught",Finfish and Shellfish Products,81.3345,19.0625,0.5917,0.0,,,108.3,430.2,4.103,0.0
2747657,"Lobster, tail only, frozen, wild caught",Finfish and Shellfish Products,58.8175,12.99375,0.3667,0.88555,,,508.8,212.6,71.64,0.1728
2747658,"Mahi mahi, frozen, wild caught",Finfish and Shellfish Products,83.7115,19.79375,0.3767,0.28655,,,51.93,407.9,6.003,0.05167
2747659,"Parsnips, raw",Vegetables and Vegetable Products,87.0745,1.265625,0.5381,19.292275,5.351,10.52,0.4913,492.6,44.16,0.5053
2747660,"Peppers, banana or Hungarian wax, seeded, raw",Vegetables and Vegetable Products,23.9398,0.723125,0.1314,4.966175,1.79,2.711,0.0,177.4,9.816,0.1622
2747661,"Peppers, jalapeno, seeded, raw",Vegetables and Vegetable Products,24.1264,0.621125,0.1488,5.075675,1.725,2.703,0.0,166.9,10.1,0.03763
2747662,"Peppers, poblano, seeded, raw",Vegetables and Vegetable Products,27.9906,1.425625,0.1906,5.143175,2.07,2.681,0.0,191.6,8.366,0.1171
2747663,"Peppers, serrano, seeded, raw",Vegetables and Vegetable Products,29.233,0.855625,0.1406,6.136275,2.521,2.524,0.0,224.5,12.86,0.05725
2747664,"Radicchio, raw",Vegetables and Vegetable Products,26.3679,1.30875,0.1431,4.96125,2.114,2.246,8.076,334.6,30.91,0.4006
2747665,"Radishes, red, raw",Vegetables and Vegetable Products,19.60045,0.65625,0.08313,4.05682,1.314,2.644,51.16,197.8,21.51,0.0
2747666,"Scallops, bay, Patagonian, frozen, wild caught",Finfish and Shellfish Products,78.456,16.3875,0.4192,2.2833,,,252.4,292.0,14.03,0.1717
2747667,"Scallops, sea, frozen, wild caught",Finfish and Shellfish Products,66.3545,13.5125,0.4933,1.9662,,,313.0,244.9,10.54,0.2133
2747668,"Sea bass, Chilean, frozen, wild caught",Finfish and Shellfish Products,209.3868,14.925,16.57,0.1392,,,109.4,236.4,6.822,0.0
2747669,"Snapper, frozen, wild caught",Finfish and Shellfish Products,89.538,20.6625,0.5692,0.4413,,,93.06,348.8,13.91,0.201
2747670,"Snow crab, legs only, frozen  ",Finfish and Shellfish Products,69.223,15.5375,0.2942,1.1063,,,728.5,192.9,97.8,0.2756
2747671,"Squid (calamari), frozen, tubes only",Finfish and Shellfish Products,43.9108,8.80625,0.5508,0.93215,,,271.9,9.483,10.56,0.0
2747672,"Swordfish, frozen, wild caught",Finfish and Shellfish Products,151.855,19.2375,8.123,0.4495,,,56.87,414.1,3.623,0.09617
2747673,"Tuna, ahi or yellowfin, frozen, wild caught",Finfish and Shellfish Products,101.8695,24.7,0.3875,0.0,,,94.37,420.2,3.193,0.5914
2747674,"Turnips, raw",Vegetables and Vegetable Products,33.9816,0.953125,0.1188,7.274975,1.915,5.091,12.8,262.1,32.7,0.0
2747675,"Watermelon, seedless, flesh only, raw",Fruits and Fruit Juices,,0.87125,,,,7.197,0.0,117.3,7.861,0.02131
2747676,"Watermelon, seedless, rind only, raw",Fruits and Fruit Juices,19.419,0.53125,0.07,4.166,1.535,2.218,3.763,272.5,16.93,0.0
2758975,"Rhubarb, stalk, raw",Fruits and Fruit Juices,,,,,1.428,0.6351,0.0,265.3,32.93,0.0
2758976,"Cranberries, dried, sweetened",Fruits and Fruit Juices,,,,,4.36,69.256,4.66,64.24,9.065,0.1468
2758977,"Grapefruit, raw",Fruits and Fruit Juices,,,,,0.6525,7.983,0.0,155.9,21.36,0.0
2758978,"Plums, dried (prunes), uncooked",Fruits and Fruit Juices,,,,,6.251,31.38,0.85,787.9,44.05,0.7474
2758979,"Raisins, golden, seedless",Fruits and Fruit Juices,,,,,3.006,68.68,13.26,869.4,59.01,2.251
2758980,"Raisins, dark, seedless",Fruits and Fruit Juices,,,,,3.679,66.04,13.17,936.0,51.49,1.844
2758981,"Edamame, frozen, prepared",Vegetables and Vegetable Products,,,,,6.233,2.098,15.17,519.5,72.91,2.33
2758982,"Baked beans, Original, canned, with pork",Legumes and Legume Products,,,,,3.547,8.8024,,,,
2758983,"Beans, baked, canned, vegetarian",Legumes and Legume Products,,,,,4.233,8.186,,,,
2758984,"Refried beans, canned (pinto)",Legumes and Legume Products,,,,,3.868,,,,,
2758985,"Refried beans, canned, vegetarian",Legumes and Legume Products,,,,,3.91,,281.0,337.0,31.0,1.535
2758986,"Mayonnaise, Regular",Fats and Oils,,,,,,,,,,
2758987,"Salad dressing, Italian dressing, commercial, regular",Fats and Oils,,,,,,,,,,
2758988,"Dressing, Ranch",Fats and Oils,,,,,,,,,,
2758989,"Peanut butter, Creamy",Legumes and Legume Products,,,,,5.178,,,,,
2758990,Sweetened condensed milk,Dairy and Egg Products,,,,,,54.082,,,,
2758991,"Bologna, beef",Sausages and Luncheon Meats,,,,,,,,,,
2758992,"Bologna, classic",Sausages and Luncheon Meats,,,,,,1.89847,,,,
2758993,"Bread, white, commercial",Baked Products,,,,,,,419.7,115.2,288.4,4.065
2758994,"Bread, 100% whole wheat, commercial",Baked Products,,,,,,,408.2,203.4,132.3,2.781
2758995,"Bread, mulitgrain, commercial",Baked Products,,,,,,,400.5,197.7,106.5,2.413
2758996,"Tortilla, wheat flour, shelf stable",Baked Products,,,,,,,730.5,135.6,137.7,3.429
2758997,"Tortilla, corn, shelf stable",Baked Products,,,,,,,34.91,168.2,35.16,0.7912
2758998,"Pasta, dry, enriched, spaghetti",Cereal Grains and Pasta,,,,,,,2.406,237.4,18.27,3.887
2758999,"Pasta, dry, whole grain, spaghetti",Cereal Grains and Pasta,,,,,,,,,,
2759000,"Pasta, dry, whole grain, spaghetti ",Cereal Grains and Pasta,,,,,,,4.583,426.7,28.3,4.523
2759001,"Lunchmeat, turkey, oven roasted, sliced",Sausages and Luncheon Meats,,,,,,0.9866,,,,
2759002,"Lunchmeat, ham, black forest, sliced",Sausages and Luncheon Meats,,,,,,,,,,
2759003,"Lunchmeat, roast beef, sliced, prepackaged",Sausages and Luncheon Meats,,,,,,,,,,
2759004,"Lunchmeat, chicken breast, sliced",Sausages and Luncheon Meats,,,,,,1.14,,,,
2759005,"Salami, hard, sliced",Sausages and Luncheon Meats,,,,,,,,,,
2759006,"Pepperoni, beef and pork, sliced",Sausages and Luncheon Meats,,,,,,,,,,
2768188,"Alaska Pollock, raw",Finfish and Shellfish Products,78.4785,17.33,0.9925,0.0565,0.0,,114.8,353.0,40.36,0.2402
