meal_id,meal_name,meal_type,diet_type,cuisine,description,ingredients,serving_size,calories,protein_g,carbs_g,fat_g,fiber_g,preparation_time,goal_tags,contains_egg,contains_dairy,contains_chicken,contains_fish,contains_meat,is_quick_meal
BF01,Vegetable Poha + Curd,breakfast,vegetarian,West Indian,"Light flattened rice cooked with onions, mustard seeds, curry leaves, and crunchy peanuts, served with fresh probiotic curd.","Flattened rice (poha), onion, green peas, peanuts, turmeric, curry leaves, mustard seeds, fresh curd",1 medium bowl poha (200g) + 1 small bowl curd (100g),380,11.5,58.0,11.0,4.5,15 mins,"weight_loss,maintenance",0,1,0,0,0,1
BF02,Vegetable Poha + 2 Boiled Eggs,breakfast,non_vegetarian,West Indian,Savory vegetable poha paired with two hard-boiled eggs for an energizing high-protein breakfast.,"Flattened rice (poha), onion, green peas, peanuts, curry leaves, 2 whole boiled eggs",1 bowl poha (200g) + 2 boiled eggs,440,21.0,52.0,16.0,4.0,15 mins,"muscle_gain,maintenance,weight_loss",1,0,0,0,0,1
BF03,Idli + Sambar + Coconut Chutney,breakfast,vegan,South Indian,Steamed fermented rice and urad dal cakes served with piping hot vegetable lentil sambar and fresh coconut chutney.,"Rice, urad dal, toor dal, drumsticks, carrots, pumpkin, mustard seeds, grated coconut",3 medium idlis + 1 bowl sambar (150ml) + 2 tbsp coconut chutney,360,12.0,66.0,5.5,6.5,20 mins,"weight_loss,maintenance",0,0,0,0,0,1
BF04,Idli + Sambar + 2 Boiled Eggs,breakfast,non_vegetarian,South Indian,Steamed soft idlis and hearty vegetable sambar topped up with boiled eggs for sustained morning stamina.,"Rice and urad dal idli, toor dal, mixed veggies, 2 boiled eggs",3 idlis + 1 bowl sambar + 2 boiled eggs,460,23.5,64.0,12.5,6.0,20 mins,"muscle_gain,maintenance",1,0,0,0,0,1
BF05,Moong Dal Chilla + Fresh Curd,breakfast,vegetarian,North Indian,"Golden savory crepes made from split yellow lentils blended with ginger, cumin, and fresh coriander, accompanied by curd.","Yellow moong dal, ginger, green chilies, cumin, coriander, olive oil, fresh curd",2 chillas (150g) + 1 cup curd (120g),390,20.5,48.0,12.0,7.0,20 mins,"weight_loss,muscle_gain,maintenance",0,1,0,0,0,1
BF06,Moong Dal Chilla with Paneer Stuffing,breakfast,vegetarian,North Indian,"High-protein lentil crepes stuffed with spiced grated paneer and herbs, delivering prolonged satiety.","Yellow moong dal, low-fat paneer, green chilies, coriander, spices",2 stuffed chillas + mint chutney,460,27.0,44.0,18.0,6.5,25 mins,"muscle_gain,weight_loss,maintenance",0,1,0,0,0,0
BF07,Besan Chilla + Mint Coriander Chutney,breakfast,vegan,North Indian,"Flavorful gram flour pancakes loaded with finely chopped onions, tomatoes, and spinach, paired with green mint dip.","Gram flour (besan), chopped onions, tomatoes, spinach, ajwain, mint, coriander",2 chillas + 2 tbsp mint chutney,340,15.0,46.0,9.5,7.5,15 mins,"weight_loss,maintenance",0,0,0,0,0,1
BF08,Vegetable Upma + Coconut Chutney,breakfast,vegan,South Indian,"Roasted semolina cooked with seasoned carrots, peas, mustard seeds, and cashews for a classic morning breakfast.","Semolina (rava), carrots, green peas, mustard seeds, ginger, curry leaves, cashews",1 medium bowl upma (220g) + 2 tbsp chutney,370,9.5,59.0,10.0,5.0,15 mins,"weight_loss,maintenance",0,0,0,0,0,1
BF09,Ragi Dosa + Vegetable Sambar,breakfast,vegan,South Indian,"Nutrient-dense finger millet crepes packed with dietary calcium and iron, served with piping hot vegetable sambar.","Finger millet (ragi) flour, rice flour, curd/water, toor dal, mixed vegetables, spices",2 medium ragi dosas + 1 bowl sambar (150ml),360,11.0,65.0,6.0,8.0,20 mins,"weight_loss,maintenance",0,0,0,0,0,1
BF10,Plain Dosa + Sambar + 2 Boiled Eggs,breakfast,non_vegetarian,South Indian,Crisp fermented rice-lentil dosa with vegetable sambar and two boiled eggs for steady morning nutrition.,"Dosa batter, toor dal, drumsticks, onions, spices, 2 eggs",2 dosas + 1 cup sambar + 2 boiled eggs,470,22.0,62.0,14.5,5.5,20 mins,"muscle_gain,maintenance",1,0,0,0,0,1
BF11,Vegetable Uttapam + Sambar,breakfast,vegan,South Indian,"Thick fermented pancake topped with juicy tomatoes, onions, capsicum, and cilantro, served with dal sambar.","Dosa batter, chopped tomatoes, onions, green bell peppers, toor dal sambar",2 medium uttapams + 1 bowl sambar,380,11.5,66.0,7.5,6.5,20 mins,"weight_loss,maintenance",0,0,0,0,0,1
BF12,Paneer Paratha + Fresh Curd,breakfast,vegetarian,North Indian,"Whole wheat flatbread stuffed with spiced crumbly cottage cheese, lightly roasted and served with cool yogurt.","Whole wheat flour, paneer (cottage cheese), green chilies, garam masala, curd",1 large stuffed paratha + 1 cup curd (150g),480,22.0,54.0,19.5,6.0,25 mins,"muscle_gain,weight_gain,maintenance",0,1,0,0,0,0
BF13,Spiced Egg Bhurji + 2 Whole Wheat Rotis,breakfast,non_vegetarian,North Indian,"Indian-style scrambled eggs sautéed with onions, ripe tomatoes, green chilies, and turmeric, served with soft rotis.","3 whole eggs, onions, tomatoes, green chilies, cilantro, whole wheat flour",Egg bhurji (3 eggs) + 2 medium rotis,460,26.0,42.0,18.0,5.5,15 mins,"muscle_gain,weight_loss,maintenance",1,0,0,0,0,1
BF14,Oats Porridge + Banana + Almonds,breakfast,vegetarian,General Indian,"Rolled oats simmered in warm milk, topped with sliced ripe banana, crushed almonds, and a touch of cinnamon.","Rolled oats, skimmed milk, banana, crushed almonds, chia seeds",1 large bowl (300g),410,16.5,62.0,11.0,8.0,10 mins,"weight_loss,maintenance,muscle_gain",0,1,0,0,0,1
BF15,Sprouted Moong Chaat + Fresh Fruit,breakfast,vegan,General Indian,"Steamed green gram sprouts tossed with crisp cucumbers, tomatoes, lemon juice, and chaat masala, paired with fresh seasonal fruit.","Sprouted green moong, diced cucumbers, tomatoes, lemon juice, chaat masala, 1 apple",1 bowl sprouts chaat (200g) + 1 sliced apple,310,15.0,56.0,3.0,11.0,10 mins,"weight_loss,maintenance",0,0,0,0,0,1
BF16,Vegetable Semiya Upma + Curd,breakfast,vegetarian,South Indian,"Roasted whole wheat vermicelli tempered with mustard seeds, curry leaves, ginger, carrots, and beans, served with fresh curd.","Whole wheat vermicelli (semiya), carrots, beans, mustard seeds, curry leaves, curd",1 bowl semiya upma (220g) + 1 cup curd,380,12.0,60.0,9.5,5.5,15 mins,"weight_loss,maintenance",0,1,0,0,0,1
BF17,Pesarattu (Green Gram Dosa) + Ginger Chutney,breakfast,vegan,South Indian,"Traditional Andhra-style crepe made from whole soaked green gram lentils, cumin, and ginger, served with tangy allam pachadi.","Whole green moong dal, ginger, green chilies, cumin seeds, onions, tamarind chutney",2 pesarattu crepes + 2 tbsp ginger chutney,370,18.0,56.0,8.0,9.0,20 mins,"weight_loss,muscle_gain,maintenance",0,0,0,0,0,1
BF18,Boiled Egg White Salad + Whole Wheat Toast,breakfast,non_vegetarian,General Indian,"Four boiled egg whites diced with tomatoes, cucumbers, black pepper, and chaat masala, served with toasted whole wheat bread.","4 egg whites + 1 whole egg, cucumbers, tomatoes, lemon juice, 2 slices whole wheat bread",1 bowl egg salad + 2 toasted bread slices,350,26.0,36.0,9.5,4.5,10 mins,"weight_loss,muscle_gain,maintenance",1,0,0,0,0,1
BF19,Ven Pongal + Sambar,breakfast,vegetarian,South Indian,"Comforting porridge of rice and yellow moong dal tempered with black peppercorns, cumin, ginger, and curry leaves.","Raw rice, yellow moong dal, black pepper, cumin seeds, ginger, curry leaves, ghee, toor dal sambar",1 medium bowl pongal (200g) + 1 cup sambar,430,14.0,68.0,11.5,6.0,25 mins,"weight_gain,maintenance",0,1,0,0,0,0
BF20,Masala Omelette + 2 Rotis,breakfast,non_vegetarian,General Indian,"Fluffy double-egg omelette whisked with onions, green chilies, tomatoes, and coriander, served alongside hot whole wheat rotis.","2 whole eggs, chopped onions, tomatoes, green chilies, coriander, 2 rotis",1 omelette + 2 rotis,420,20.0,40.0,18.0,5.0,15 mins,"muscle_gain,maintenance,weight_loss",1,0,0,0,0,1
BF21,Vegetable Dalia (Broken Wheat) Porridge,breakfast,vegan,North Indian,"Fiber-packed broken wheat cooked with diced carrots, beans, peas, and mild spices for steady digestive wellness.","Broken wheat (dalia), carrots, peas, beans, cumin, green chilies, ginger",1 large bowl dalia (250g),330,11.0,62.0,4.5,9.5,20 mins,"weight_loss,maintenance",0,0,0,0,0,0
BF22,Chicken Keema Paratha + Mint Raita,breakfast,non_vegetarian,North Indian,"Wholesome flatbread stuffed with lean minced chicken cooked in warm aromatic spices, served with cooling mint raita.","Whole wheat flour, lean minced chicken breast, ginger, garlic, garam masala, low-fat curd",1 large stuffed paratha + 1 cup raita,490,31.0,49.0,16.5,5.5,25 mins,"muscle_gain,weight_gain,maintenance",0,1,1,0,0,0
BF23,Millet Upma with Mixed Vegetables,breakfast,vegan,South Indian,"Nutritious foxtail millet cooked with crunchy vegetables, ginger, and curry leaves for a sustained low-glycemic boost.","Foxtail millet, carrots, green peas, onions, mustard seeds, curry leaves, olive oil",1 bowl millet upma (220g),340,10.0,58.0,7.0,8.0,20 mins,"weight_loss,maintenance",0,0,0,0,0,1
BF24,Paneer Bhurji + 2 Multi-grain Rotis,breakfast,vegetarian,North Indian,"Crumbled paneer sautéed with onions, tomatoes, and ground spices, accompanied by two multigrain rotis.","Low-fat paneer (120g), onions, tomatoes, turmeric, multigrain flour",1 plate bhurji + 2 rotis,470,24.5,44.0,20.0,6.0,15 mins,"muscle_gain,maintenance",0,1,0,0,0,1
BF25,Vegetable Grilled Sandwich + Spiced Buttermilk,breakfast,vegetarian,West Indian,"Crispy toasted whole wheat sandwich filled with cucumbers, tomatoes, boiled potatoes, and mint chutney, accompanied by chaas.","Whole wheat bread, cucumber, tomato, boiled potato slice, mint chutney, buttermilk (chaas)",1 whole sandwich (2 slices) + 1 glass buttermilk (200ml),360,12.0,58.0,8.0,6.0,15 mins,"weight_loss,maintenance",0,1,0,0,0,1
BF26,Soybean Chilla + Mint Chutney,breakfast,vegan,North Indian,High-protein savory vegan pancakes crafted from soaked and ground soybeans with onions and spices.,"Soaked soybeans, gram flour, green chilies, onions, coriander, mint chutney",2 chillas (160g) + 2 tbsp chutney,390,23.0,38.0,14.0,8.5,20 mins,"muscle_gain,weight_loss,maintenance",0,0,0,0,0,0
BF27,Aloo Paratha + Plain Curd,breakfast,vegetarian,North Indian,"Traditional whole wheat bread filled with seasoned mashed potatoes, roasted with a hint of ghee and served with chilled curd.","Whole wheat flour, boiled potatoes, coriander, cumin, green chilies, plain curd",1 large paratha + 1 cup curd (150g),440,13.0,68.0,13.0,6.5,25 mins,"weight_gain,maintenance",0,1,0,0,0,0
BF28,Ragi Idli + Vegetable Sambar,breakfast,vegan,South Indian,"Steamed ragi and lentil idlis, delivering gentle sustained energy with low glycemic impact, served with rich dal sambar.","Ragi flour, urad dal, toor dal, mixed veggies, mustard seeds",3 ragi idlis + 1 bowl sambar,340,12.0,62.0,4.5,7.5,20 mins,"weight_loss,maintenance",0,0,0,0,0,1
BF29,Methi Thepla + Curd + Lemon Pickle,breakfast,vegetarian,West Indian,"Spiced Gujarati whole wheat flatbreads infused with fresh fenugreek leaves and yogurt, served with cold curd.","Whole wheat flour, fresh fenugreek (methi) leaves, ajwain, turmeric, yogurt",3 medium theplas + 1 cup curd,410,14.5,58.0,13.5,7.0,20 mins,"weight_loss,maintenance",0,1,0,0,0,1
BF30,Chicken Sausage Stir-Fry + Boiled Eggs + Toast,breakfast,non_vegetarian,General Indian,"Lean chicken sausages sautéed with peppers and onions, served with boiled eggs and whole wheat toast.","Lean chicken sausage, bell peppers, onions, 2 boiled eggs, 1 slice whole wheat bread",1 plate (200g sausage & veggies) + 2 eggs + 1 toast,490,34.0,32.0,22.0,3.5,15 mins,"muscle_gain,weight_gain",1,0,1,0,0,1
BF31,Curd + Muesli + Chia Seeds + Berries,breakfast,vegetarian,General Indian,"Thick protein-rich curd folded with whole grain muesli, soaked chia seeds, and fresh pomegranate and berries.","Thick curd, whole grain muesli, chia seeds, pomegranate arils, almonds",1 medium bowl (250g),370,16.0,54.0,10.0,7.0,5 mins,"weight_loss,maintenance",0,1,0,0,0,1
BF32,Scrambled Tofu + Whole Wheat Toast,breakfast,vegan,General Indian,"Crumbled firm tofu sautéed with turmeric, diced tomatoes, green chilies, and onions, served over toasted wheat bread.","Firm tofu (150g), onions, tomatoes, turmeric, green chilies, 2 slices whole wheat toast",1 plate scramble + 2 toasts,360,22.0,38.0,13.0,5.5,12 mins,"weight_loss,muscle_gain,maintenance",0,0,0,0,0,1
BF33,Appam + Vegetable Stew,breakfast,vegan,South Indian,"Lacy fermented rice hoppers served with a gentle, fragrant Kerala-style coconut milk vegetable stew.","Fermented rice batter, coconut milk, carrots, potatoes, green peas, whole spices",2 appams + 1 bowl vegetable stew (180ml),400,8.0,64.0,12.0,5.0,25 mins,"maintenance,weight_gain",0,0,0,0,0,0
BF34,Appam + Egg Curry,breakfast,non_vegetarian,South Indian,Crisp-edged soft appams served with a mildly spiced Kerala-style egg curry simmered in onion-tomato gravy.,"Fermented rice batter, 2 boiled eggs, onions, tomatoes, coconut milk, curry leaves",2 appams + egg curry (2 eggs),480,19.0,60.0,17.5,4.5,25 mins,"muscle_gain,maintenance,weight_gain",1,0,0,0,0,0
BF35,Sattu Drink + Boiled Eggs + Banana,breakfast,non_vegetarian,East Indian,"Traditional Bihari roasted gram flour drink prepared with lemon and cumin, paired with boiled eggs and banana.","Roasted chana flour (sattu), lemon, cumin, black salt, 2 boiled eggs, 1 small banana",1 tall glass sattu (300ml) + 2 boiled eggs + 1 banana,420,24.0,54.0,12.5,8.0,5 mins,"muscle_gain,weight_loss,maintenance",1,0,0,0,0,1
BF36,Sweet Sattu Drink + Roasted Almonds,breakfast,vegan,East Indian,"Nutrient-dense roasted Bengal gram flour whisked with chilled water, jaggery powder, and cardamom, paired with roasted almonds.","Roasted gram flour (sattu), water, jaggery, cardamom, 10 almonds",1 large glass (300ml) + 10 almonds,360,16.0,52.0,9.5,8.5,5 mins,"weight_loss,maintenance",0,0,0,0,0,1
LN01,Rice + Dal Tadka + Bhindi Sabzi + Curd,lunch,vegetarian,North Indian,"Steamed basmati rice, home-style yellow dal tadka, stir-fried spiced okra, and fresh curd for balanced wholesome dining.","Rice, yellow toor dal, okra (bhindi), cumin, turmeric, garlic, curd, cucumber salad",1 bowl rice (150g) + 1 bowl dal (150ml) + 1 cup sabzi (100g) + 1 cup curd (100g),620,22.0,98.0,14.5,9.0,30 mins,"maintenance,weight_loss",0,1,0,0,0,0
LN02,2 Rotis + Dal Tadka + Mixed Vegetable Sabzi + Curd,lunch,vegetarian,North Indian,"Whole wheat rotis paired with protein-rich yellow dal, fiber-packed mixed seasonal vegetables, and probiotic curd.","Whole wheat flour, toor dal, cauliflower, carrots, beans, cumin, plain curd, green salad",2 rotis + 1 bowl dal (150ml) + 1 bowl mixed veggies + 1 cup curd,540,23.5,78.0,13.5,11.5,30 mins,"weight_loss,maintenance",0,1,0,0,0,0
LN03,Rajma Chawal (Kidney Beans & Rice) + Fresh Cucumber Salad,lunch,vegan,North Indian,Hearty slow-cooked kidney beans in rich spiced tomato-onion gravy poured over steamed rice with fresh crunchy salad.,"Red kidney beans (rajma), basmati rice, tomatoes, onions, ginger, garlic, garam masala, cucumber, lemon",1 large bowl rajma (200g) + 1 bowl rice (160g) + salad,610,24.0,104.0,9.0,14.0,35 mins,"muscle_gain,maintenance,weight_loss",0,0,0,0,0,0
LN04,Chole Rice (Chickpea Curry & Rice) + Onion Salad,lunch,vegan,North Indian,Tangy and spicy Punjabi chickpea curry served over fragrant steamed white or brown rice with onion and tomato salad.,"White chickpeas (kabuli chana), basmati rice, tea leaf broth, onions, tomatoes, chole masala, cucumber",1 large bowl chole (200g) + 1 bowl rice (160g) + salad,630,23.0,106.0,11.0,13.5,35 mins,"muscle_gain,maintenance",0,0,0,0,0,0
LN05,Roti + Chicken Curry + Cucumber Salad,lunch,non_vegetarian,North Indian,"Tender chicken breast cooked in home-style tomato-onion gravy, accompanied by warm whole wheat rotis and crisp salad.","Skinless chicken breast (150g), whole wheat rotis, onions, tomatoes, ginger-garlic paste, coriander, cucumber",Chicken curry (150g chicken) + 3 rotis + green salad,590,42.0,62.0,16.0,8.0,30 mins,"muscle_gain,weight_loss,maintenance",0,0,1,0,0,0
LN06,Rice + Chicken Curry + Stir-Fried Beans,lunch,non_vegetarian,General Indian,"Steamed rice paired with rich chicken curry and a side of fiber-packed green beans, maximizing satiety and recovery.","Chicken breast (160g), basmati rice, green beans, onions, tomatoes, turmeric, garam masala",1 bowl rice (150g) + 1 bowl chicken curry + 1 cup beans,640,44.0,76.0,17.0,7.0,35 mins,"muscle_gain,weight_gain,maintenance",0,0,1,0,0,0
LN07,Rice + Fish Curry + Cabbage Poriyal,lunch,non_vegetarian,South Indian,"Flavor-rich South Indian fish curry cooked with tamarind, fenugreek, and coconut, served over hot rice and shredded cabbage side.","Fresh fish fillets (160g, rohu/tilapia/mackerel), tamarind, coconut paste, curry leaves, cabbage, mustard seeds, rice",1 bowl rice (150g) + 1 bowl fish curry (2 pieces) + 1 cup poriyal,580,38.0,74.0,14.0,6.5,30 mins,"muscle_gain,weight_loss,maintenance",0,0,0,1,0,0
LN08,Roti + Egg Curry (2 Eggs) + Mixed Salad,lunch,non_vegetarian,North Indian,"Boiled eggs simmered in spiced onion-tomato gravy, served with soft rotis and lemon-dressed sliced vegetables.","2 whole boiled eggs, whole wheat rotis, onions, tomatoes, ginger, cumin, coriander, carrots, cucumber",Egg curry (2 eggs) + 3 rotis + salad,530,24.0,64.0,18.5,8.0,25 mins,"maintenance,weight_loss",1,0,0,0,0,1
LN09,Roti + Paneer Bhurji + Dal + Salad,lunch,vegetarian,North Indian,"Cottage cheese scrambled with onions, tomatoes, and bell peppers, accompanied by yellow dal, whole wheat rotis, and salad.","Low-fat paneer (120g), yellow moong dal, whole wheat flour, tomatoes, capsicum, cucumber",2 rotis + 1 cup paneer bhurji + 1 small bowl dal + salad,590,30.0,66.0,21.0,9.5,25 mins,"muscle_gain,maintenance",0,1,0,0,0,1
LN10,Sambar Rice + Potato Roast + Curd,lunch,vegetarian,South Indian,"Comforting South Indian mixed sambar rice blended with tender lentils and drumsticks, with crisp roasted spiced potatoes and curd.","Rice, toor dal, mixed vegetables, sambar powder, baby potatoes, mustard seeds, plain curd",1 large bowl sambar rice (250g) + 1 small cup potato roast + 1/2 cup curd,610,18.0,102.0,13.0,8.5,30 mins,"weight_gain,maintenance",0,1,0,0,0,0
LN11,Vegetable Khichdi + Curd + Roasted Papad,lunch,vegetarian,West Indian,"One-pot digestive classic of rice and split yellow lentils cooked with cumin, carrots, peas, and a touch of ghee, served with curd.","Rice, yellow moong dal, carrots, green peas, cumin, turmeric, fresh curd, roasted urad papad",1 large bowl khichdi (300g) + 1 cup curd (150g) + 1 papad,510,20.0,82.0,11.0,9.0,25 mins,"weight_loss,maintenance",0,1,0,0,0,1
LN12,Curd Rice + Cucumber Pomegranate Salad + Boiled Egg,lunch,non_vegetarian,South Indian,"Cooling South Indian curd rice tempered with mustard, curry leaves, and green chilies, accompanied by pomegranate and a boiled egg.","Rice, fresh curd, mustard seeds, ginger, curry leaves, pomegranate seeds, 1 whole boiled egg",1 large bowl curd rice (250g) + 1 boiled egg + cucumber slices,480,19.5,72.0,12.5,4.5,15 mins,"weight_loss,maintenance",1,1,0,0,0,1
LN13,Curd Rice + Pomegranate & Cucumber Salad,lunch,vegetarian,South Indian,"Cooling curd rice tempered with ginger, green chilies, and curry leaves, topped with sweet pomegranate arils and cucumber.","Rice, curd, milk, mustard seeds, ginger, curry leaves, pomegranate, cucumber",1 large bowl (300g),420,13.0,70.0,9.0,4.0,15 mins,"weight_loss,maintenance",0,1,0,0,0,1
LN14,Roti + Palak Paneer + Yellow Dal,lunch,vegetarian,North Indian,"Wholesome spinach purée cooked with soft cottage cheese cubes and garlic, paired with home-style yellow dal and whole wheat rotis.","Spinach (palak), low-fat paneer (120g), toor dal, whole wheat rotis, garlic, spices",2 rotis + 1 cup palak paneer + 1 small bowl dal,570,29.0,62.0,21.0,10.5,30 mins,"muscle_gain,weight_loss,maintenance",0,1,0,0,0,0
LN15,Vegetable Pulao + Spiced Boondi Raita,lunch,vegetarian,North Indian,"Aromatic long-grain basmati rice cooked with whole spices, carrots, peas, and green beans, balanced with cool boondi yogurt.","Basmati rice, carrots, peas, french beans, whole spices, curd, boondi, roasted cumin",1 plate pulao (250g) + 1 cup raita (150g),560,16.0,88.0,15.0,7.0,25 mins,"weight_gain,maintenance",0,1,0,0,0,0
LN16,Chicken Biryani (Lean) + Cucumber Raita,lunch,non_vegetarian,South Indian,"Home-cooked Hyderabadi dum biryani prepared with marinated skinless chicken breast, whole spices, and light yogurt raita.","Basmati rice, chicken breast (170g), yogurt, saffron, mint, biryani spices, cucumber raita",1 plate biryani (300g) + 1 cup raita (120g),670,46.0,78.0,18.0,5.0,40 mins,"muscle_gain,weight_gain",0,1,1,0,0,0
LN17,Soya Chunk Curry + 3 Rotis + Salad,lunch,vegan,North Indian,"Textured soya chunks cooked in hearty onion-tomato masala gravy, offering an exceptional plant-based protein boost with rotis.","Soya chunks (60g dry), whole wheat rotis, onions, tomatoes, ginger-garlic paste, coriander, salad",1 bowl soya curry + 3 rotis + green salad,530,36.0,72.0,9.5,13.0,25 mins,"muscle_gain,weight_loss,maintenance",0,0,0,0,0,1
LN18,Lemon Rice + Dal + Sautéed Beans,lunch,vegan,South Indian,"Zesty rice tempered with fresh lemon juice, mustard seeds, turmeric, and peanuts, served with yellow dal and green beans.","Rice, fresh lemon juice, peanuts, turmeric, mustard seeds, yellow toor dal, green beans",1 bowl lemon rice (160g) + 1 cup dal + 1 cup beans,560,18.0,88.0,14.5,8.0,25 mins,"weight_loss,maintenance",0,0,0,0,0,1
LN19,Brown Rice + Fish Curry + Green Salad,lunch,non_vegetarian,East Indian,"Bengali-style mustard fish curry cooked with light spices, paired with fiber-rich brown rice and fresh salad.","Fish steaks (160g, rohu/katla), mustard paste, green chilies, turmeric, brown rice, cucumber",1 bowl brown rice (150g) + 1 bowl fish curry + salad,560,39.0,68.0,13.0,6.5,30 mins,"weight_loss,muscle_gain,maintenance",0,0,0,1,0,0
LN20,Roti + Egg Bhurji (3 Eggs) + Mixed Salad,lunch,non_vegetarian,West Indian,"Triple egg scramble cooked with chopped tomatoes, crunchy onions, and green chilies, served with two rotis and salad.","3 whole eggs, tomatoes, onions, capsicum, whole wheat flour, sliced cucumbers",Egg bhurji (3 eggs) + 2 rotis + cucumber salad,510,26.5,48.0,22.0,6.0,15 mins,"muscle_gain,weight_loss,maintenance",1,0,0,0,0,1
LN21,Brown Rice + Rajma Curry + Onion Tomato Kachumber,lunch,vegan,North Indian,Nutrient-packed brown rice served with Punjabi kidney bean curry and fresh chopped kachumber salad.,"Brown basmati rice, kidney beans, tomato puree, ginger, garlic, garam masala, onions, cucumbers",1 bowl brown rice (150g) + 1 large bowl rajma (200g) + kachumber salad,580,24.0,96.0,8.5,15.0,35 mins,"weight_loss,muscle_gain,maintenance",0,0,0,0,0,0
LN22,Roti + Dal Makhani (Low Fat) + Salad,lunch,vegetarian,North Indian,"Black lentils and kidney beans slow-cooked with tomatoes and aromatic spices using minimal cream, served with rotis.","Whole black urad dal, rajma, tomato puree, ginger, skimmed milk, whole wheat rotis",2 rotis + 1 bowl dal makhani (180g) + salad,540,22.0,78.0,14.0,12.0,40 mins,"maintenance,muscle_gain",0,1,0,0,0,0
LN23,Jeera Rice + Dal Tadka + Aloo Gobi + Curd,lunch,vegetarian,North Indian,"Fragrant cumin rice paired with yellow toor dal, spiced potato and cauliflower curry, and fresh curd.","Basmati rice, cumin seeds, yellow dal, potatoes, cauliflower, curd",1 bowl jeera rice (160g) + 1 bowl dal + 1 cup aloo gobi + 1 cup curd,640,21.0,104.0,15.0,9.5,30 mins,"weight_gain,maintenance",0,1,0,0,0,0
LN24,Grilled Chicken Breast + Brown Rice + Steamed Broccoli,lunch,non_vegetarian,General Indian,Tandoori-spiced grilled chicken breast served with steamed brown rice and crisp garlic-tossed broccoli.,"Chicken breast (180g), tandoori marinade, brown rice, fresh broccoli, lemon",180g chicken + 1 cup brown rice (150g) + 1 cup broccoli,570,52.0,58.0,12.0,7.5,25 mins,"muscle_gain,weight_loss",0,0,1,0,0,1
LN25,Mutton Curry (Lean) + 2 Rotis + Onion Salad,lunch,non_vegetarian,North Indian,"Lean cut tender mutton simmered in aromatic whole-spice Kashmiri rogan josh gravy, served with rotis.","Lean mutton pieces (150g), whole wheat rotis, onions, yogurt, ginger, fennel, kashmiri chili",1 bowl mutton curry (150g meat) + 2 rotis + salad,640,40.0,48.0,28.0,6.0,45 mins,"muscle_gain,weight_gain",0,1,0,0,1,0
LN26,Prawn Curry + Steamed Rice + Beetroot Poriyal,lunch,non_vegetarian,South Indian,"Juicy prawns cooked in a coastal coconut and tomato curry, paired with fluffy rice and grated beetroot stir-fry.","Prawns (150g), coconut milk, tomatoes, curry leaves, basmati rice, beetroot, mustard seeds",1 bowl prawn curry + 1 bowl rice (150g) + 1/2 cup beetroot side,590,36.0,76.0,15.0,6.0,25 mins,"muscle_gain,weight_loss,maintenance",0,0,0,1,0,1
LN27,Tofu Matar Masala + 3 Rotis + Salad,lunch,vegan,North Indian,"Firm tofu cubes and sweet green peas simmered in a spiced onion-tomato curry, accompanied by whole wheat rotis.","Firm tofu (150g), green peas, onions, tomatoes, ginger-garlic paste, whole wheat flour",1 bowl tofu matar + 3 rotis + green salad,520,26.0,68.0,14.5,10.5,25 mins,"weight_loss,muscle_gain,maintenance",0,0,0,0,0,1
LN28,Sprouted Moong & Vegetable Rice Bowl + Curd,lunch,vegetarian,General Indian,"Steamed green moong sprouts tossed with warm cumin rice, bell peppers, carrots, and topped with chilled yogurt.","Sprouted green moong, brown/white rice, carrots, bell peppers, cumin, fresh curd",1 large bowl (300g) + 1 cup curd,520,22.0,86.0,9.0,12.0,20 mins,"weight_loss,maintenance",0,1,0,0,0,1
LN29,Kadhi Pakora + Steamed Rice,lunch,vegetarian,North Indian,"Tangy yogurt and gram flour soup tempered with mustard and fenugreek seeds, with baked or lightly fried gram fritters.","Curd, gram flour (besan), fenugreek seeds, turmeric, basmati rice, onion fritters",1 large bowl kadhi (250ml) + 1 bowl rice (160g),560,18.0,88.0,14.5,6.0,35 mins,"maintenance,weight_gain",0,1,0,0,0,0
LN30,Bisi Bele Bath + Boiled Egg + Cucumber,lunch,non_vegetarian,South Indian,"Classic Karnataka spiced lentil and rice dish loaded with mixed vegetables, accompanied by a boiled egg for protein balance.","Rice, toor dal, tamarind, bisi bele bath masala, carrots, beans, 1 boiled egg",1 large bowl bisi bele bath (280g) + 1 boiled egg,540,21.0,84.0,13.0,9.5,35 mins,"maintenance,weight_loss",1,0,0,0,0,0
LN31,Bisi Bele Bath + Boiled Corn Salad,lunch,vegan,South Indian,"Rich Karnataka one-pot rice and lentil dish packed with pumpkin, beans, and carrots, paired with sweet corn salad.","Rice, toor dal, mixed vegetables, tamarind, sweet corn, lemon",1 large bowl (300g) + 1/2 cup sweet corn salad,490,16.5,92.0,6.5,11.0,35 mins,"weight_loss,maintenance",0,0,0,0,0,0
LN32,Roti + Dal Fry + Lauki (Bottle Gourd) Sabzi + Curd,lunch,vegetarian,North Indian,"Light and easily digestible meal of whole wheat rotis, garlic dal fry, tender bottle gourd sabzi, and fresh curd.","Whole wheat flour, yellow dal, bottle gourd (lauki), cumin, turmeric, fresh curd",2 rotis + 1 bowl dal + 1 bowl lauki sabzi + 1 cup curd,480,21.0,74.0,10.5,10.0,25 mins,"weight_loss,maintenance",0,1,0,0,0,1
LN33,Brown Rice + Chicken Curry + Cucumber Raita,lunch,non_vegetarian,General Indian,"Nutritious brown rice alongside tender chicken breast in spiced gravy, topped off with a cooling cucumber raita.","Brown basmati rice, skinless chicken breast (160g), yogurt, cucumber, curry spices",1 bowl brown rice (150g) + 1 bowl chicken curry + 1/2 cup raita,610,45.0,68.0,16.0,7.0,30 mins,"muscle_gain,weight_loss,maintenance",0,1,1,0,0,0
LN34,Millet Khichdi + Curd + Tomato Chutney,lunch,vegetarian,South Indian,"Wholesome little millet and yellow lentil khichdi cooked with spinach and carrots, served with cool curd and tomato relish.","Little millet (samai), yellow moong dal, spinach, carrots, cumin, fresh curd",1 large bowl khichdi (280g) + 1 cup curd,480,20.5,76.0,9.5,11.5,25 mins,"weight_loss,maintenance",0,1,0,0,0,1
LN35,Roti + Egg Curry (3 Eggs) + Green Salad,lunch,non_vegetarian,North Indian,Three hard-boiled eggs in robust ginger-tomato gravy paired with two whole wheat rotis and lemon-dressed salad.,"3 whole boiled eggs, tomatoes, onions, garlic, whole wheat rotis, cucumber",3 eggs in curry + 2 rotis + cucumber salad,560,29.0,48.0,24.0,6.5,25 mins,"muscle_gain,maintenance",1,0,0,0,0,1
LN36,Rice + Masoor Dal + Roasted Papads + Pickle,lunch,vegan,East Indian,"Bengali-style red masoor dal tempered with nigella seeds (kalonji) and green chilies, served over fluffy rice.","Basmati rice, red lentils (masoor dal), kalonji, green chilies, turmeric, roasted papad",1 bowl rice (160g) + 1 large bowl masoor dal (180ml) + 1 papad,520,21.0,94.0,5.5,9.0,25 mins,"weight_loss,maintenance",0,0,0,0,0,1
SN01,Roasted Chana + Fresh Fruit,snack,vegan,General Indian,Crunchy roasted Bengal chickpeas paired with a crisp fresh apple or orange for clean sustained evening energy.,"Roasted Bengal gram (chana with skin), 1 medium apple",1 fistful chana (40g) + 1 apple,230,9.0,42.0,3.0,8.0,2 mins,"weight_loss,maintenance",0,0,0,0,0,1
SN02,Sprouts Chaat + Lemon Juice,snack,vegan,General Indian,"Crisp green gram sprouts mixed with finely chopped onions, tomatoes, green chilies, lemon juice, and chaat masala.","Sprouted green gram (moong), onion, tomato, green chili, lemon juice, chaat masala",1 medium bowl (150g),180,11.0,30.0,1.5,7.5,5 mins,"weight_loss,maintenance,muscle_gain",0,0,0,0,0,1
SN03,2 Boiled Eggs with Black Pepper + Fruit,snack,non_vegetarian,General Indian,"Two hard-boiled eggs dusted with black pepper and rock salt, served with half a sliced apple or orange.","2 whole eggs, black pepper, rock salt, 1/2 sliced apple",2 boiled eggs + 1/2 apple,200,13.5,14.0,10.0,2.5,10 mins,"muscle_gain,weight_loss,maintenance",1,0,0,0,0,1
SN04,Spiced Buttermilk (Chaas) + Roasted Chana,snack,vegetarian,North Indian,"Refreshing churned curd drink spiced with roasted cumin, mint, and ginger, enjoyed with crunchy roasted chana.","Curd, water, roasted cumin powder, black salt, fresh mint, roasted Bengal gram (40g)",1 tall glass chaas (250ml) + 1 small bowl chana (40g),210,12.0,28.0,4.5,6.5,5 mins,"weight_loss,maintenance",0,1,0,0,0,1
SN05,Paneer Cubes with Chaat Masala + Cucumber,snack,vegetarian,General Indian,"Fresh low-fat cottage cheese cubes sprinkled with chaat masala, lemon, and paired with crisp cucumber batons.","Low-fat paneer (100g), chaat masala, lemon juice, 1 sliced cucumber",100g paneer + 1 sliced cucumber,210,18.0,6.0,12.0,2.0,5 mins,"muscle_gain,weight_loss,maintenance",0,1,0,0,0,1
SN06,Greek Yogurt/Hung Curd + Berries + Walnuts,snack,vegetarian,General Indian,Creamy hung curd or Greek yogurt topped with a handful of walnuts and fresh pomegranate arils.,"Hung curd (120g), 4 walnut halves, pomegranate arils (30g), touch of honey",1 small bowl (150g),230,14.0,18.0,11.5,3.0,5 mins,"muscle_gain,weight_loss,maintenance",0,1,0,0,0,1
SN07,Roasted Makhana (Foxnuts) with Turmeric & Pepper,snack,vegan,North Indian,"Crunchy roasted lotus seeds tossed in olive oil with turmeric, rock salt, and freshly cracked black pepper.","Foxnuts (makhana, 40g), olive oil (1 tsp), turmeric, black pepper, rock salt",1 medium bowl (40g),170,5.0,28.0,4.5,4.0,8 mins,"weight_loss,maintenance",0,0,0,0,0,1
SN08,Banana with Peanut Butter,snack,vegan,General Indian,Ripe banana paired with 1 tablespoon of natural unsweetened peanut butter for quick pre-workout fuel.,"1 ripe banana, 1 tbsp (16g) natural peanut butter",1 banana + 1 tbsp peanut butter,210,6.0,32.0,8.0,4.0,2 mins,"muscle_gain,weight_gain,maintenance",0,0,0,0,0,1
SN09,Apple Slices + Roasted Almonds,snack,vegan,General Indian,Crisp red apple slices eaten alongside a handful of dry-roasted California almonds.,"1 medium red apple, 12 dry roasted almonds",1 sliced apple + 12 almonds,180,4.5,26.0,8.0,5.5,2 mins,"weight_loss,maintenance",0,0,0,0,0,1
SN10,Boiled Sweet Corn Chaat,snack,vegan,General Indian,"Steamed tender sweet corn kernels tossed with lemon juice, chaat masala, and a dash of red chili powder.","Sweet corn kernels (150g), lemon juice, chaat masala, green chili",1 small bowl (150g),150,4.5,32.0,1.5,4.0,8 mins,"weight_loss,maintenance",0,0,0,0,0,1
SN11,Tender Coconut Water + Roasted Chana,snack,vegan,South Indian,Pure electrolyte-rich coconut water paired with fiber- and protein-rich roasted Bengal gram.,"1 fresh tender coconut water (250ml), roasted chana (40g)",1 glass coconut water + 1 fistful chana,190,8.5,33.0,2.5,6.5,2 mins,"weight_loss,maintenance",0,0,0,0,0,1
SN12,Peanut & Sprout Sundal,snack,vegan,South Indian,"Boiled peanuts and moong sprouts tempered with mustard seeds, curry leaves, and grated fresh coconut.","Boiled peanuts (30g), sprouted moong (50g), mustard seeds, curry leaves, grated coconut (1 tbsp)",1 small cup (100g),220,9.5,18.0,13.0,5.0,10 mins,"weight_gain,muscle_gain,maintenance",0,0,0,0,0,1
SN13,Egg White Sandwich with Mint Chutney,snack,non_vegetarian,General Indian,Three sliced boiled egg whites with tomato and mint chutney layered between toasted whole wheat slices.,"3 egg whites, whole wheat bread (2 slices), mint-coriander chutney, sliced tomato",1 sandwich,230,16.0,30.0,3.0,4.5,10 mins,"weight_loss,muscle_gain,maintenance",1,0,0,0,0,1
SN14,Chicken Tikka Skewers (2 Pieces),snack,non_vegetarian,North Indian,"Lean chicken breast cubes marinated in yogurt and tandoori spices, grilled to perfection with lemon squeeze.","Chicken breast (120g), curd (2 tbsp), lemon juice, ginger-garlic, tandoori masala, onion rings",2 skewers (120g cooked chicken),210,31.0,4.0,6.5,1.0,20 mins,"muscle_gain,weight_loss,maintenance",0,1,1,0,0,0
SN15,Mixed Seeds & Nuts Trail Mix,snack,vegan,General Indian,"Dry-roasted pumpkin seeds, sunflower seeds, almonds, and raisins for healthy essential fats and minerals.","Pumpkin seeds (10g), sunflower seeds (10g), almonds (10g), raisins (10g)",1 small handful (40g),210,7.0,16.0,14.5,3.5,1 min,"weight_gain,maintenance",0,0,0,0,0,1
SN16,Kala Chana (Black Chickpea) Chaat,snack,vegan,North Indian,"Boiled black chickpeas tossed with chopped onions, tomatoes, lemon juice, green chilies, and roasted cumin.","Boiled kala chana (100g), onion, tomato, lemon, green chili, coriander",1 medium bowl (150g),190,10.0,31.0,3.0,8.0,10 mins,"weight_loss,maintenance,muscle_gain",0,0,0,0,0,1
SN17,Plain Lassi (Light) + Walnuts,snack,vegetarian,North Indian,"Light, churned yogurt drink sweetened with a hint of jaggery, served with 4 walnut halves.","Low-fat curd (150g), water, pinch of cardamom, jaggery (1 tsp), 4 walnut halves",1 glass lassi (200ml) + 4 walnut halves,220,9.5,22.0,11.0,2.0,5 mins,"maintenance,weight_gain",0,1,0,0,0,1
SN18,Steamed Idli (1 Piece) + Sambar,snack,vegan,South Indian,"A single steamed fermented idli with a cup of warm, vegetable-rich lentil sambar.","Rice-lentil idli, toor dal sambar, drumsticks, carrots",1 idli + 1 small cup sambar,160,5.5,31.0,2.0,3.5,10 mins,"weight_loss,maintenance",0,0,0,0,0,1
SN19,Tofu Cubes with Lemon & Chaat Masala,snack,vegan,General Indian,"Pan-seared firm tofu bites seasoned with rock salt, cumin, and lemon juice for an entirely plant-based protein snack.","Firm tofu (120g), lemon juice, chaat masala, roasted cumin powder",1 plate (120g),170,17.0,4.0,10.0,2.5,8 mins,"muscle_gain,weight_loss,maintenance",0,0,0,0,0,1
SN20,Papaya Bowl + Pumpkin Seeds,snack,vegan,General Indian,"Fresh ripe papaya cubes sprinkled with raw pumpkin seeds for digestive enzymes, zinc, and dietary fiber.","Ripe papaya (200g), raw pumpkin seeds (15g), lime juice",1 medium bowl (215g),160,6.0,26.0,5.0,4.5,5 mins,"weight_loss,maintenance",0,0,0,0,0,1
SN21,Boiled Peanuts with Salt & Onion,snack,vegan,South Indian,"Classic beach-style steamed raw peanuts tossed with rock salt, chopped red onions, and lemon.","Raw peanuts in shell (boiled, 50g), onion, lemon, coriander",1 small cup (50g),240,11.0,12.0,18.0,4.5,15 mins,"weight_gain,maintenance",0,0,0,0,0,1
SN22,Dry Roasted Soybeans + Green Tea,snack,vegan,General Indian,Crunchy oven-roasted soybeans with a warm cup of antioxidant green tea.,"Roasted soybeans (35g), green tea bag, water",1 small bowl (35g) + 1 cup tea,160,14.0,11.0,7.0,4.0,3 mins,"weight_loss,muscle_gain,maintenance",0,0,0,0,0,1
SN23,"Oatmeal Cookies (Homemade, 2 pcs) + Milk",snack,vegetarian,General Indian,"Wholesome cookies baked with rolled oats, jaggery, and crushed almonds, served with warm skimmed milk.","Rolled oats, whole wheat flour, jaggery, skimmed milk (150ml)",2 cookies + 1 cup milk,240,10.0,38.0,6.5,4.0,5 mins,"weight_gain,maintenance",0,1,0,0,0,1
SN24,Paneer & Tomato Whole Wheat Roll,snack,vegetarian,North Indian,"Small whole wheat roti rolled with spiced paneer strips, sliced capsicum, and mint chutney.","Whole wheat roti (1), paneer (60g), sliced capsicum, mint chutney",1 small roll,260,14.0,26.0,11.5,3.5,10 mins,"muscle_gain,maintenance",0,1,0,0,0,1
SN25,Steamed Dhokla (2 Pieces) + Green Chutney,snack,vegan,West Indian,Spongy and light steamed gram flour cakes tempered with mustard seeds and green chilies.,"Gram flour (besan), turmeric, mustard seeds, curry leaves, green chilies, mint chutney",2 medium squares (100g) + 1 tbsp chutney,170,7.5,26.0,4.5,3.5,15 mins,"weight_loss,maintenance",0,0,0,0,0,1
DN01,2 Rotis + Dal Tadka + Stir-Fried Beans + Salad,dinner,vegan,North Indian,"Light evening dinner of warm whole wheat rotis, yellow moong dal tempered with garlic and cumin, green beans, and fresh salad.","Whole wheat flour, yellow moong dal, green french beans, garlic, cumin, tomato, cucumber",2 rotis + 1 bowl dal (150ml) + 1 cup beans + green salad,480,20.0,76.0,10.5,11.0,25 mins,"weight_loss,maintenance",0,0,0,0,0,1
DN02,2 Rotis + Palak Paneer + Cucumber Salad,dinner,vegetarian,North Indian,"Iron-rich spinach puree with cubes of cottage cheese, seasoned with garlic and cumin, served with whole wheat rotis.","Fresh spinach, low-fat paneer (130g), garlic, cumin, whole wheat rotis, cucumber slices",2 rotis + 1 bowl palak paneer (180g) + salad,520,27.0,54.0,19.0,9.0,25 mins,"muscle_gain,weight_loss,maintenance",0,1,0,0,0,1
DN03,2 Rotis + Chicken Curry + Green Salad,dinner,non_vegetarian,North Indian,Lean chicken breast cooked in home-style onion-tomato gravy with whole wheat rotis and fresh cucumber-tomato salad.,"Skinless chicken breast (160g), whole wheat flour, onions, tomatoes, ginger-garlic, cucumber",1 bowl chicken curry (160g chicken) + 2 rotis + salad,540,43.0,52.0,14.0,7.0,30 mins,"muscle_gain,weight_loss,maintenance",0,0,1,0,0,0
DN04,Rice + Dal + Mixed Vegetable Sabzi + Curd,dinner,vegetarian,North Indian,"Light portion of steamed basmati rice with easily digestible yellow dal, sautéed seasonal vegetables, and curd.","Rice, yellow moong dal, cauliflower, carrots, peas, fresh curd, cucumber",1 small bowl rice (120g) + 1 bowl dal (150ml) + 1 cup sabzi + 1/2 cup curd,510,19.5,84.0,10.5,8.0,25 mins,"weight_loss,maintenance",0,1,0,0,0,1
DN05,Moong Dal Khichdi + Curd,dinner,vegetarian,West Indian,"Comforting warm khichdi prepared with split yellow moong dal, rice, and cumin, served with cooling plain curd.","Split yellow moong dal, rice, cumin seeds, turmeric, pinch of asafoetida, curd",1 large bowl khichdi (280g) + 1 cup curd (120g),460,19.0,76.0,9.0,7.5,20 mins,"weight_loss,maintenance",0,1,0,0,0,1
DN06,2 Rotis + Grilled Fish Fillet + Stir-Fried Vegetables,dinner,non_vegetarian,General Indian,"Tandoori-spiced fish fillet grilled tender, paired with two soft rotis and crunchy capsicum and beans.","White fish fillet (160g), whole wheat rotis, bell peppers, french beans, lemon, spices",160g fish + 2 rotis + 1 cup veggies,510,40.0,52.0,13.0,7.0,25 mins,"muscle_gain,weight_loss,maintenance",0,0,0,1,0,1
DN07,2 Rotis + Egg Curry (2 Eggs) + Cucumber Salad,dinner,non_vegetarian,North Indian,"Two boiled eggs gently simmered in home-style tomato-coriander gravy, served with rotis and fresh salad.","2 boiled eggs, onions, tomatoes, turmeric, whole wheat rotis, cucumber",2 eggs in gravy + 2 rotis + salad,480,22.0,48.0,17.5,6.5,20 mins,"maintenance,weight_loss",1,0,0,0,0,1
DN08,2 Rotis + Paneer Bhurji + Tomato Salad,dinner,vegetarian,North Indian,"Fresh cottage cheese scrambled with tomatoes, onions, and coriander, served with rotis and tomato-cucumber slices.","Low-fat paneer (120g), tomatoes, onions, cumin, whole wheat rotis, cucumber",Paneer bhurji (120g paneer) + 2 rotis + salad,510,26.0,46.0,19.5,6.5,20 mins,"muscle_gain,weight_loss,maintenance",0,1,0,0,0,1
DN09,Brown Rice + Yellow Dal Tadka + Bhindi Sabzi,dinner,vegan,North Indian,Steamed whole-grain brown rice served with flavorful yellow dal and lightly spiced sautéed okra.,"Brown basmati rice, toor/moong dal, okra (bhindi), garlic, cumin, mustard seeds",1 bowl brown rice (140g) + 1 bowl dal + 1 cup bhindi,490,18.0,82.0,9.5,10.5,30 mins,"weight_loss,maintenance",0,0,0,0,0,0
DN10,Vegetable Dosa (2 pcs) + Sambar,dinner,vegan,South Indian,"Crisp thin rice-lentil dosas paired with light vegetable sambar packed with drumsticks, pumpkin, and carrots.","Fermented dosa batter, toor dal, drumsticks, pumpkin, carrots, tamarind",2 dosas + 1 bowl sambar (180ml),420,12.0,72.0,7.5,7.0,20 mins,"weight_loss,maintenance",0,0,0,0,0,1
DN11,Moong Dal Chilla (2 pcs) + Fresh Curd + Salad,dinner,vegetarian,North Indian,"Light, easily digestible yellow lentil crepes served with a bowl of cooling probiotic curd and green salad.","Yellow moong dal, ginger, green chilies, coriander, fresh curd, cucumber",2 chillas + 1 cup curd (120g) + salad,420,21.0,52.0,12.0,7.0,20 mins,"weight_loss,maintenance,muscle_gain",0,1,0,0,0,1
DN12,Chicken Clear Soup + 2 Rotis + Stir-Fried Vegetables,dinner,non_vegetarian,General Indian,"Soothing garlic and black pepper chicken broth with pulled chicken breast, accompanied by two soft rotis.","Chicken breast (160g), ginger, garlic, black pepper, carrots, beans, whole wheat rotis",1 large bowl soup (250ml) + 2 rotis,470,41.0,46.0,9.5,6.5,25 mins,"weight_loss,muscle_gain,maintenance",0,0,1,0,0,1
DN13,Vegetable Clear Soup + 2 Rotis + Paneer (80g),dinner,vegetarian,General Indian,"Warm vegetable broth with broccoli and mushrooms, paired with lightly seared paneer cubes and two rotis.","Broccoli, carrots, mushrooms, garlic, paneer (80g), whole wheat rotis",1 bowl soup + 80g paneer + 2 rotis,460,22.0,52.0,15.0,7.0,20 mins,"weight_loss,maintenance",0,1,0,0,0,1
DN14,Roti + Dal Palak (Spinach Dal) + Salad,dinner,vegan,North Indian,"Nutrient-dense spinach cooked with split yellow lentils and roasted cumin, served with two rotis and fresh salad.","Fresh spinach, yellow moong dal, garlic, cumin, whole wheat rotis, cucumber",2 rotis + 1 large bowl dal palak (200g) + salad,440,19.5,72.0,8.0,10.5,25 mins,"weight_loss,maintenance",0,0,0,0,0,1
DN15,Steamed Rice + Fish Curry (1 Piece) + Sautéed Beans,dinner,non_vegetarian,South Indian,Steamed white rice paired with light tamarind-fenugreek fish curry and green beans stir-fried with mustard.,"White fish steak (140g), tamarind, tomato, green beans, rice, mustard seeds",1 small bowl rice (120g) + 1 piece fish with curry + 1 cup beans,490,34.0,62.0,10.5,5.5,25 mins,"muscle_gain,weight_loss,maintenance",0,0,0,1,0,1
DN16,Roti + Soya Chunk Curry + Salad,dinner,vegan,North Indian,Lean plant-based protein dinner featuring textured soya chunks in spiced tomato gravy with whole wheat rotis.,"Soya chunks (50g dry), whole wheat rotis, tomatoes, onions, garlic, cucumber",2 rotis + 1 bowl soya curry (180g) + salad,450,31.0,60.0,8.0,11.0,20 mins,"muscle_gain,weight_loss,maintenance",0,0,0,0,0,1
DN17,2 Rotis + Tofu Matar + Cucumber Salad,dinner,vegan,North Indian,Firm tofu cubes and green peas simmered in a light onion-tomato sauce with two rotis and sliced salad.,"Firm tofu (130g), green peas, tomatoes, onions, whole wheat rotis, cucumber",2 rotis + 1 bowl tofu matar + salad,460,23.0,58.0,13.0,9.0,20 mins,"weight_loss,maintenance,muscle_gain",0,0,0,0,0,1
DN18,Roti + Baingan Bharta (Mashed Eggplant) + Dal,dinner,vegan,North Indian,"Smoky roasted eggplant mashed with garlic, tomatoes, and peas, served with light yellow dal and rotis.","Roasted eggplant (baingan), yellow dal, whole wheat rotis, green peas, garlic, tomatoes",2 rotis + 1 cup baingan bharta + 1 small bowl dal,470,18.0,74.0,10.0,11.5,30 mins,"weight_loss,maintenance",0,0,0,0,0,0
DN19,Vegetable Pulao + Cucumber Tomato Raita,dinner,vegetarian,General Indian,"Fragrant rice tossed with mixed vegetables and mild spices, balanced with a generous bowl of vegetable raita.","Basmati rice, carrots, green beans, peas, plain curd, cucumber, tomato",1 bowl pulao (200g) + 1 bowl raita (150g),480,14.5,78.0,11.0,6.5,25 mins,"maintenance,weight_loss",0,1,0,0,0,1
DN20,Grilled Chicken Breast + Roasted Sweet Potato + Salad,dinner,non_vegetarian,General Indian,"Juicy grilled chicken breast seasoned with herbs, served with baked sweet potato rounds and salad.","Chicken breast (170g), sweet potato (120g), lemon, pepper, cucumber, lettuce",170g chicken + 120g sweet potato + salad,490,48.0,44.0,10.5,6.0,25 mins,"muscle_gain,weight_loss,maintenance",0,0,1,0,0,1
DN21,Idli (3 pcs) + Vegetable Sambar,dinner,vegan,South Indian,"Steamed soft idlis paired with hot vegetable lentil sambar for a light, easy-on-the-stomach dinner.","Rice, urad dal, toor dal, carrots, pumpkin, drumstick, spices",3 idlis + 1 bowl sambar (180ml),360,12.0,68.0,3.5,6.5,15 mins,"weight_loss,maintenance",0,0,0,0,0,1
DN22,Ragi Roti (2 pcs) + Yellow Dal + Salad,dinner,vegan,South Indian,"Calcium-packed finger millet flatbreads cooked on a tawa, accompanied by cumin-tempered yellow dal and cucumber.","Finger millet (ragi) flour, onions, coriander, yellow moong dal, cucumber",2 ragi rotis + 1 bowl dal (160ml) + salad,430,16.0,74.0,6.5,10.0,20 mins,"weight_loss,maintenance",0,0,0,0,0,1
DN23,Roti + Chicken Tikka Masala + Cucumber Salad,dinner,non_vegetarian,North Indian,"Tandoori marinated chicken breast cooked in rich tomato sauce without excessive butter, served with two rotis.","Chicken breast (160g), whole wheat rotis, tomato puree, yogurt, spices, cucumber",1 bowl chicken tikka masala (160g chicken) + 2 rotis + salad,550,44.0,50.0,16.0,6.5,30 mins,"muscle_gain,maintenance",0,1,1,0,0,0
DN24,Egg Bhurji (3 Eggs) + 2 Rotis + Salad,dinner,non_vegetarian,General Indian,"Savory scrambled eggs with tomatoes, onions, and green chilies, accompanied by warm rotis and crunchy cucumbers.","3 whole eggs, onions, tomatoes, coriander, whole wheat rotis, cucumber",Egg bhurji (3 eggs) + 2 rotis + salad,490,26.0,44.0,21.0,5.5,15 mins,"muscle_gain,weight_loss,maintenance",1,0,0,0,0,1
DN25,Roti + Gobi Matar Sabzi + Yellow Dal,dinner,vegan,North Indian,Home-style cauliflower and tender green peas sabzi with comforting yellow lentil soup and soft rotis.,"Cauliflower, green peas, yellow moong dal, ginger, cumin, whole wheat rotis",2 rotis + 1 cup gobi matar + 1 bowl dal,460,19.0,74.0,9.0,10.5,25 mins,"weight_loss,maintenance",0,0,0,0,0,1
DN26,Brown Rice + Rajma Curry (Light) + Salad,dinner,vegan,North Indian,A light evening portion of Punjabi kidney bean curry served over fiber-rich brown rice with a lemon-dressed cucumber salad.,"Brown basmati rice, kidney beans (rajma), tomatoes, onions, garlic, cucumber",1 small bowl brown rice (120g) + 1 bowl rajma (160g) + salad,480,20.0,82.0,7.5,12.0,30 mins,"weight_loss,maintenance",0,0,0,0,0,0
DN27,2 Rotis + Methi Paneer Curry + Salad,dinner,vegetarian,North Indian,"Fragrant fresh fenugreek leaves and tender paneer simmered in a mildly spiced gravy, paired with whole wheat rotis.","Fresh methi leaves, low-fat paneer (120g), tomatoes, onions, whole wheat rotis, cucumber",2 rotis + 1 bowl methi paneer + salad,510,25.0,50.0,20.0,8.0,25 mins,"muscle_gain,weight_loss,maintenance",0,1,0,0,0,1
DN28,Rice + Sambar + Cabbage Poriyal + 1 Boiled Egg,dinner,non_vegetarian,South Indian,"South Indian dinner of steamed rice, vegetable dal sambar, cabbage poriyal, and a boiled egg for high-protein recovery.","Basmati rice, toor dal, mixed veggies, cabbage, mustard seeds, 1 boiled egg",1 bowl rice (130g) + 1 bowl sambar + 1/2 cup poriyal + 1 egg,490,20.0,76.0,10.5,7.5,25 mins,"maintenance,weight_loss",1,0,0,0,0,1
DN29,2 Rotis + Dal Fry + Jeera Aloo + Cucumber Salad,dinner,vegan,North Indian,Flavorful cumin-spiced potatoes and homestyle yellow dal fry served with soft whole wheat rotis and salad.,"Potatoes, cumin seeds, yellow toor dal, turmeric, whole wheat rotis, cucumber, coriander",2 rotis + 1 bowl dal fry (160ml) + 1 cup jeera aloo + salad,490,18.0,78.0,11.5,9.5,25 mins,"maintenance,weight_loss",0,0,0,0,0,1
DN30,Prawn Curry (Light) + Steamed Rice + Salad,dinner,non_vegetarian,South Indian,"Succulent prawns cooked in a coconut and kokum curry, served with light steamed rice and lemon-dressed salad.","Prawns (150g), kokum/tamarind, coconut milk, curry leaves, basmati rice, cucumber",1 bowl prawn curry + 1 small bowl rice (120g) + salad,490,34.0,58.0,12.0,4.5,25 mins,"muscle_gain,weight_loss,maintenance",0,0,0,1,0,1
DN31,Roti + Tindora (Ivy Gourd) Sabzi + Yellow Dal,dinner,vegan,West Indian,"Crisp sliced ivy gourd sautéed with mustard and sesame seeds, paired with yellow dal and whole wheat rotis.","Ivy gourd (tindora), yellow dal, whole wheat flour, mustard seeds, sesame, turmeric",2 rotis + 1 cup tindora sabzi + 1 bowl dal,450,18.0,72.0,9.5,9.5,25 mins,"weight_loss,maintenance",0,0,0,0,0,1
DN32,Vegetable Rava Khichdi + Fresh Curd,dinner,vegetarian,South Indian,"Light, warm semolina and moong dal khichdi cooked with peas and carrots, served with a cup of cool probiotic curd.","Roasted semolina (rava), yellow moong dal, green peas, carrots, mustard seeds, fresh curd",1 bowl rava khichdi (220g) + 1 cup curd,410,15.0,64.0,9.5,6.5,18 mins,"weight_loss,maintenance",0,1,0,0,0,1
DN33,Chicken Tikka Salad + 1 Whole Wheat Roti,dinner,non_vegetarian,General Indian,"Grilled marinated chicken breast sliced over lettuce, cucumbers, cherry tomatoes, and bell peppers, with 1 roti.","Chicken breast (180g), lettuce, cucumbers, bell peppers, lemon-olive dressing, 1 whole wheat roti",1 large salad bowl (180g chicken) + 1 roti,460,47.0,32.0,13.0,6.0,20 mins,"muscle_gain,weight_loss",0,0,1,0,0,1
DN34,Steamed Rice + Dal Tadka + Boiled Eggs (2 pcs),dinner,non_vegetarian,General Indian,"Simple comforting home-cooked meal of steamed white rice, garlic-cumin yellow dal, and two boiled eggs.","Basmati rice, toor/moong dal, garlic, cumin, 2 whole boiled eggs",1 bowl rice (130g) + 1 bowl dal (150ml) + 2 boiled eggs,510,24.5,68.0,14.5,5.5,20 mins,"muscle_gain,maintenance",1,0,0,0,0,1
DN35,Roti + Chana Dal Palak + Tomato Salad,dinner,vegan,North Indian,"Nutritious chana dal slow-simmered with shredded fresh spinach and warm Indian spices, served with two rotis.","Split Bengal gram (chana dal), spinach, cumin, garlic, whole wheat rotis, tomato salad",2 rotis + 1 bowl chana dal palak (180g) + salad,480,21.0,72.0,10.0,12.0,30 mins,"weight_loss,maintenance,muscle_gain",0,0,0,0,0,0
DN36,Roti + Mushroom Matar Curry + Salad,dinner,vegan,North Indian,"Fresh button mushrooms and green peas in spiced onion-tomato gravy, served with two whole wheat rotis and salad.","Button mushrooms (150g), green peas (50g), onions, tomatoes, whole wheat rotis, cucumber",2 rotis + 1 bowl mushroom matar + green salad,420,17.0,66.0,8.0,10.0,20 mins,"weight_loss,maintenance",0,0,0,0,0,1
